ms_file,Acetoacetate,Acetyl-Threonine,Adenine,Adenosine,Adenosine monophosphate,Alpha Ketoglutarate,Arabitol,Arginine,Asparagine,Aspartate,Biotin,Carnosine,Citrulline,Creatinine,Cysteic Acid,Cysteine,Cystine,Cytidine,D-Lactose,DihydroOrotate,Folate,Fumarate,Glucose,Glucose-6-Phosphate,Glutamate,Glutamine,Guanine,Guanosine,Hippurate,Histidine,Homo Cysteine,Hypoxanthine,Inosine,Isoleucine,Itaconate,Leucine,Methionine,Methionine Sulfoxide,Mevalonate acid,Myoinositol,N-Acetyl-Aspartate,N-Acetyl-Glucosamine,N-Acetyl-Glutamate,N-Acetyl-Glutamine,N-Acetyl-Glycine,N-Acetyl-Leucine,N-Acetyl-Methionine,N-Acetyl-Phenylalanine,Nicotinate,O-Phospho-L-Serine,Ornithine,Orotate,Panthothenic acid,Phenylalanine,Proline,Pyridoxine,Rhamnose,Serine,Shikimate,Succinate,Taurine,Threonine,Thymidine,Thymine,Trehalose,Tryptophan,Tyrosine,Uracil,Uric Acid,Uridine,Urocanate,Valine,Xanthine,Xanthosine,Sample,plate,stdr,conc
/data/big/LSARP/LSARP-metabolomics/2020_05_11RG_SA001_RPT001/2020_05_11RG_HILICNeg15S_Col002_LSARP_SA001_RPT001_Standard-10nm.mzXML,0,131519,305651,0,1178,201233,2993,0,6877,156561,59501,0,0,0,0,0,0,0,0,18342,0,78045,0,0,118791,1604,6972,0,424374,7199,0,626150,37414,62772,656578,40168,127052,0,419548,0,48942,0,75452,31234,402030,510163,176907,505874,32200,0,0,0,115695,213180,57344,4389,0,1444,254840,4843345,4592,48776,43281,0,0,0,0,2734447,4853,31138,311181,29570,2971853,46048,SA001_RPT001_Standard-10nm,SA001,True,10.0
/data/big/LSARP/LSARP-metabolomics/2020_05_11RG_SA001_RPT001/2020_05_11RG_HILICNeg15S_Col002_LSARP_SA001_RPT001_Standard-50nm.mzXML,17320,721265,1343624,0,0,175393,57849,911,9042,99935,513034,0,1199,0,0,0,0,23526,3022,155016,0,249271,12191,0,81583,1614,90914,39120,2315686,1104,0,981489,272366,34211,1634045,26105,162671,2610,2325126,0,318134,3354,497394,271734,852025,2705564,1204276,2560114,139699,0,0,0,1005339,224256,34923,155857,0,0,808325,7598586,24363,42626,356960,17232,0,0,0,2976385,7356,346691,1431218,14680,3840123,288095,SA001_RPT001_Standard-50nm,SA001,True,50.0
/data/big/LSARP/LSARP-metabolomics/2020_05_11RG_SA001_RPT001/2020_05_11RG_HILICNeg15S_Col002_LSARP_SA001_RPT001_Standard-100nm.mzXML,69535,1430548,2955643,7493,0,193429,181754,0,6543,73867,1063842,0,1702,0,0,0,0,51213,0,281266,3678,402112,42276,0,75375,2682,178899,98991,4907176,1203,0,1539630,624668,35111,3173309,29621,125005,4708,5028846,0,673966,22946,1190162,586729,1393025,5637959,2801540,5609277,305133,0,0,33999,2109666,167016,30500,449342,8694,0,1448512,11191997,39147,40846,756935,28199,0,0,0,3271332,10219,793615,2892578,8961,5201799,685486,SA001_RPT001_Standard-100nm,SA001,True,100.0
/data/big/LSARP/LSARP-metabolomics/2020_05_11RG_SA001_RPT001/2020_05_11RG_HILICNeg15S_Col002_LSARP_SA001_RPT001_Standard-500nm.mzXML,287402,7549923,14385576,107700,0,228533,1128919,7355,26354,63713,5302185,1503,14805,3253,1327,0,0,276177,0,1641181,15954,2138583,320149,0,75327,25974,941439,578756,22792934,1309,0,5582837,3181248,32741,14087210,23346,65711,49721,25868701,0,3522852,185669,6050068,2999774,5769249,26290534,14614460,25910363,1780338,0,0,177179,11092128,177447,31474,3074166,101542,3945,6710855,35953243,270562,52533,3623279,218142,0,9254,0,5141022,2673,4140514,13900469,6981,14132094,3389463,SA001_RPT001_Standard-500nm,SA001,True,500.0
/data/big/LSARP/LSARP-metabolomics/2020_05_11RG_SA001_RPT001/2020_05_11RG_HILICNeg15S_Col002_LSARP_SA001_RPT001_Standard-1000nm.mzXML,571493,15190815,27232614,216037,2890,204472,2251692,9406,45361,62807,10671740,5553,27941,5001,13120,0,945,591905,0,3387714,38957,4131284,650702,0,102093,56406,2075635,1033430,40181044,8984,0,10595615,6246351,28836,26392088,9791,106943,91642,49946684,3385,7089236,455805,12088703,6141050,11251555,46082533,28180643,48631753,3827905,0,0,422532,22997215,164236,32692,6586437,219200,18772,13103557,61640874,638885,77690,6731715,472350,0,0,0,7491997,7801,8680613,26305006,6084,25125534,6516179,SA001_RPT001_Standard-1000nm,SA001,True,1000.0
/data/big/LSARP/LSARP-metabolomics/2020_05_11RG_SA001_RPT001/2020_05_11RG_HILICNeg15S_Col002_LSARP_SA001_RPT001_Standard-5000nm.mzXML,3364285,76948913,115559466,924990,41692,209751,12533462,57586,194037,116004,44945975,37692,161165,83693,99921,0,22871,3246031,11881,17423202,179565,18523503,3905639,18547,270397,317611,10085518,5744529,159017324,34115,0,43000459,30049312,47632,119355010,22491,173072,470700,217352556,66665,35812905,2491820,63040788,29503811,52228408,191656655,114249420,179599524,18614583,3295,0,2156937,113732976,212174,24060,37850582,1133255,90630,57029775,247354301,3315605,263315,27540465,2685365,7240,50907,39711,24959425,0,41674953,102789080,21733,105479831,30744446,SA001_RPT001_Standard-5000nm,SA001,True,5000.0
/data/big/LSARP/LSARP-metabolomics/2020_05_11RG_SA001_RPT001/2020_05_11RG_HILICNeg15S_Col002_LSARP_SA001_RPT001_Standard-10000nm.mzXML,5623984,155859806,196532396,1691381,97384,286959,24623964,111053,416453,177439,72017811,116344,351704,146434,221618,0,56524,6660954,62376,33828622,394596,35471516,7515413,58601,523045,647548,20040461,11566744,260239116,75852,0,73241018,52881788,117334,209701252,52512,301971,989918,374156753,124458,75260432,5099987,126532615,57898175,96893973,343715014,200616225,311806314,32978913,11803,0,4448287,210226792,256624,30716,89545243,1909060,189772,96165371,427093873,7140463,574902,47410844,4793573,14149,105364,49803,42518718,0,73834281,168072192,25593,194529131,55052239,SA001_RPT001_Standard-10000nm,SA001,True,10000.0
/data/big/LSARP/LSARP-metabolomics/2020_05_11RG_SA001_RPT001/2020_05_11RG_HILICNeg15S_Col002_LSARP_SA001_RPT001_Standard-50000nm.mzXML,20507402,995485452,612099720,4869443,813274,695242,108540332,979153,2279419,913631,183745035,1670882,1966837,836360,1486658,2060,488885,28375880,320247,186090845,2178780,127052978,32788668,524112,2558287,3567726,79290639,48847837,859960939,699093,0,209689009,170897048,461534,771869807,184969,884795,6016219,1099219524,116761,474604975,25191333,760208469,273503689,367663264,1216459359,595377633,965273751,106392986,205959,17424,24188296,797181656,945126,59607,491047247,5726937,1519109,269773289,1483750618,30442511,3454041,143383091,19123481,91380,572355,389070,143364442,3651,239868506,469257419,237445,727776842,181900027,SA001_RPT001_Standard-50000nm,SA001,True,50000.0
/data/big/LSARP/LSARP-metabolomics/2020_05_13RG_SA002_RPT001/2020_05_13RG_HILICNeg15S_Col002_LSARP_SA002_RPT001_Standard-10nm.mzXML,3459,147557,271788,0,0,134769,5155,4113,15588,197414,69345,0,0,0,0,0,0,2853,0,19383,0,106493,0,0,148619,2205,14814,8347,280291,4819,0,546745,60978,105295,542352,92537,159752,0,305035,0,64113,0,88148,36532,469264,384476,125207,406895,28603,0,0,0,169966,323355,68633,0,2163,4426,286125,3488709,0,58284,18596,0,0,0,0,2853095,0,27374,284568,82076,5437292,62822,SA002_RPT001_Standard-10nm,SA002,True,10.0
/data/big/LSARP/LSARP-metabolomics/2020_05_13RG_SA002_RPT001/2020_05_13RG_HILICNeg15S_Col002_LSARP_SA002_RPT001_Standard-50nm.mzXML,19366,696843,1456006,2455,0,151055,85823,901,14789,102001,469040,0,0,2315,0,0,0,26508,0,161195,0,284330,9139,1261,93577,2705,94663,50458,1889573,1751,0,1011739,296960,76535,1369705,65617,182197,1555,2084423,0,353795,5848,550542,285563,865369,2274169,1031759,2269899,157316,0,0,11341,1015080,239836,55031,150314,1407,6590,777498,6576217,16384,51477,273971,5534,0,0,0,3128410,0,414921,1467316,49601,6580623,304086,SA002_RPT001_Standard-50nm,SA002,True,50.0
/data/big/LSARP/LSARP-metabolomics/2020_05_13RG_SA002_RPT001/2020_05_13RG_HILICNeg15S_Col002_LSARP_SA002_RPT001_Standard-100nm.mzXML,40719,1265477,2727407,2592,0,144339,184897,4008,18466,73645,769878,0,4445,0,0,0,0,47670,0,285867,1807,358022,21960,0,71874,7627,178123,87385,3459358,0,0,1342530,558231,63302,2372604,53398,134547,9315,3759893,0,645882,33112,1123516,578940,1279120,3930344,2001829,4011422,298763,0,0,43845,1788737,161923,43284,439333,2517,1133,1240612,8456349,59349,40550,497516,34093,0,0,0,3148631,0,664902,2835779,48195,7261262,605416,SA002_RPT001_Standard-100nm,SA002,True,100.0
/data/big/LSARP/LSARP-metabolomics/2020_05_13RG_SA002_RPT001/2020_05_13RG_HILICNeg15S_Col002_LSARP_SA002_RPT001_Standard-500nm.mzXML,200750,6800279,13738143,79020,1496,170450,977475,9137,34419,69706,4111526,3316,12381,0,9350,0,0,279970,0,1546407,0,1654542,268874,0,87748,29131,935600,519391,15383848,3605,0,4953509,2808080,58747,9838566,48687,101678,49134,19148578,0,3300747,177469,5459719,2866491,5225920,18290723,9758821,18370267,1466151,0,0,189663,9221225,188674,46367,2849049,55525,8516,5585511,26780557,317669,59558,2468746,173443,0,0,0,4665142,0,3328776,12562588,42140,15559460,3022858,SA002_RPT001_Standard-500nm,SA002,True,500.0
/data/big/LSARP/LSARP-metabolomics/2020_05_13RG_SA002_RPT001/2020_05_13RG_HILICNeg15S_Col002_LSARP_SA002_RPT001_Standard-1000nm.mzXML,431367,13933335,25325811,193050,5872,170926,2176270,9143,49931,64284,9078149,7445,24538,2407,18811,2013,2175,609496,0,3274893,0,3389699,704220,0,94283,61101,1868766,1116907,29631272,5004,0,9724478,6087133,46098,19611947,45214,149875,81339,39136365,8148,6432506,435021,11152651,5378587,10363239,34386988,18849971,35996706,3281865,0,0,416139,20037512,197985,37338,5099561,191033,16645,11862414,48257614,642071,89664,5004568,380090,0,0,0,6567950,3306,7494230,20895176,12860,25477243,5998823,SA002_RPT001_Standard-1000nm,SA002,True,1000.0
/data/big/LSARP/LSARP-metabolomics/2020_05_13RG_SA002_RPT001/2020_05_13RG_HILICNeg15S_Col002_LSARP_SA002_RPT001_Standard-5000nm.mzXML,2464546,68596560,102422514,852513,48464,193360,10610688,59850,171441,127077,35247100,36417,165339,69141,83189,0,20955,2885531,4045,15809126,0,14974850,3523762,24820,272546,293006,9012982,5125212,130978938,27931,0,39462833,26656521,50321,100746652,35612,212610,512954,186348408,63511,31904846,2233987,56107874,26052039,46104277,157720843,57318935,158534262,16603575,3098,0,2031755,98234155,263537,48384,14463636,964147,93770,50137160,221765345,3283890,276016,21725848,2036538,4602,0,10358,20517979,0,36427483,38262408,41006,96527608,24160463,SA002_RPT001_Standard-5000nm,SA002,True,5000.0
/data/big/LSARP/LSARP-metabolomics/2020_05_13RG_SA002_RPT001/2020_05_13RG_HILICNeg15S_Col002_LSARP_SA002_RPT001_Standard-10000nm.mzXML,4137156,143126048,180991164,1583284,111994,205230,22775336,141555,397343,214819,53751667,55876,365999,167636,238383,0,61500,6300006,59218,31319658,0,28374779,7270758,74667,541926,644322,18470044,11029048,199802640,52863,0,71273081,52729092,141530,176413333,49520,243804,1107249,314259862,132650,69527966,4869279,121976858,52992274,86996242,274174998,59780121,266957705,28019251,22972,0,4382681,185060472,302266,41715,15904747,1552275,205187,87384701,382354721,6703887,550746,34495027,3701201,13999,0,0,31684205,4089,63031113,36192682,68164,169539435,42976782,SA002_RPT001_Standard-10000nm,SA002,True,10000.0
/data/big/LSARP/LSARP-metabolomics/2020_05_13RG_SA002_RPT001/2020_05_13RG_HILICNeg15S_Col002_LSARP_SA002_RPT001_Standard-50000nm.mzXML,11369903,834879212,547887968,4677097,881274,154879,93816329,1020139,2376243,1028022,80579138,171927,1969135,834904,1508131,0,479794,27303902,349407,172665298,0,90732084,30052802,602742,2760946,3628570,65081413,42668738,577163561,147384,0,199957952,171820157,496219,600057626,164260,89498,8060954,841791030,216594,451808745,20474367,677674226,253609759,310754542,906531590,2863873,788639055,83672773,236558,13036,24809149,669213507,860545,80132,474274,3971578,1494142,247329096,1235472052,33933642,3389816,94549137,15167443,82891,0,0,99312149,4336,181443767,23869429,232598,322796782,92261713,SA002_RPT001_Standard-50000nm,SA002,True,50000.0
/data/big/LSARP/LSARP-metabolomics/2020_05_06RG_SA005/2020_05_06RG_HILICNeg15S_Col002_LSARP_SA005_Standard-10nm.mzXML,5603,78092,259516,0,0,234282,0,0,4112,174198,34612,0,0,3295,0,0,0,2703,0,3327,0,87337,2997,0,128850,0,7662,0,203415,5131,0,479063,11209,65313,398684,58146,46155,0,172072,0,21568,0,64674,3297,544526,278053,83443,228618,25797,0,0,5950,83050,85362,19674,19321,0,0,134503,2992101,0,27703,11266,0,0,0,0,3348863,2930,0,310269,9853,2653169,37016,SA005_Standard-10nm,SA005,True,10.0
/data/big/LSARP/LSARP-metabolomics/2020_05_06RG_SA005/2020_05_06RG_HILICNeg15S_Col002_LSARP_SA005_Standard-50nm.mzXML,25231,565053,1246488,0,0,272783,41159,0,8837,109083,322533,0,0,3123,0,0,0,5808,0,119218,0,248575,0,0,88771,0,64941,25429,1154617,1326,0,795321,181896,51112,1064060,24585,70903,0,1331090,0,252994,0,402700,187085,850864,1419894,619950,1297157,61376,0,0,13704,623262,101363,21372,300950,7771,0,526277,4428709,13982,21143,165487,3838,0,0,0,3382738,16949,145366,1300232,4057,3182733,209901,SA005_Standard-50nm,SA005,True,50.0
/data/big/LSARP/LSARP-metabolomics/2020_05_06RG_SA005/2020_05_06RG_HILICNeg15S_Col002_LSARP_SA005_Standard-100nm.mzXML,41924,1238029,2667637,6684,0,286085,160133,0,12147,55784,680482,0,0,0,0,0,0,14460,0,263338,0,415698,11115,0,71095,6490,157770,66508,2321803,0,0,1245789,438422,45031,1842929,35719,51265,4422,2747349,0,554578,0,905137,458014,1285102,2847301,1371068,2484999,179652,0,0,25490,1478466,97386,33611,858785,3390,1904,1032754,6261329,29138,23563,350862,19261,0,0,0,3732291,0,418745,2781533,16996,4182643,453455,SA005_Standard-100nm,SA005,True,100.0
/data/big/LSARP/LSARP-metabolomics/2020_05_06RG_SA005/2020_05_06RG_HILICNeg15S_Col002_LSARP_SA005_Standard-500nm.mzXML,213626,6292911,12579307,26173,0,159993,822405,2395,24698,64062,3454654,2712,14010,0,5003,2333,0,199218,0,1434179,5314,2046213,210891,0,82879,27982,806303,412000,11746917,3929,0,4227967,2156364,68361,8458886,28118,55133,33938,14813128,0,2766880,131495,4775039,2388344,4903793,14115727,7996039,12626959,1214663,0,0,178664,7560600,95193,14859,5284296,33493,6637,4587180,20139562,219930,31960,1769997,188064,0,0,0,4913914,2961,2298879,12568299,0,10918332,2436166,SA005_Standard-500nm,SA005,True,500.0
/data/big/LSARP/LSARP-metabolomics/2020_05_06RG_SA005/2020_05_06RG_HILICNeg15S_Col002_LSARP_SA005_Standard-1000nm.mzXML,474736,12165759,24268655,95529,2207,285152,1644673,1798,33440,68177,6659054,9593,21996,11577,19832,0,0,373995,0,2739447,12976,4141694,472570,0,80260,38953,1386242,762493,21482546,4748,0,8033275,4332024,57960,15611813,32532,75419,74411,28399625,0,5449859,288931,9175612,4360146,9016665,26426064,14863440,22359587,2358199,0,0,283458,15013260,102828,16884,10460342,123940,16208,8914743,35649374,416322,51252,3421854,379726,0,10079,0,6491384,12528,4509375,23217871,13135,18455032,4647679,SA005_Standard-1000nm,SA005,True,1000.0
/data/big/LSARP/LSARP-metabolomics/2020_05_06RG_SA005/2020_05_06RG_HILICNeg15S_Col002_LSARP_SA005_Standard-5000nm.mzXML,2609513,65519826,104260481,654594,34518,306070,10718439,42231,195569,118162,32351526,49069,161237,86653,75099,0,19036,2317369,4246,14367493,113740,21387883,3184578,10680,265477,265211,8707413,4318840,91628883,36662,0,37919952,22870486,80714,80517049,31330,198898,412444,137187799,70298,29523171,1855324,50524378,22675621,45482827,124220637,65368680,101358937,13250891,0,0,1861296,81007098,224795,18322,50764197,739003,86634,43598478,157100500,2925906,226727,15839919,2272132,3180,24128,22444,19044298,5752,23903034,82977848,30006,82619672,23132228,SA005_Standard-5000nm,SA005,True,5000.0
/data/big/LSARP/LSARP-metabolomics/2020_05_06RG_SA005/2020_05_06RG_HILICNeg15S_Col002_LSARP_SA005_Standard-10000nm.mzXML,4621965,129440235,180760952,1145870,91272,315548,21105150,120386,390283,209756,58216143,94384,350405,178881,211159,0,64079,4691811,36022,29018405,222485,42617338,6249111,57978,540129,598790,17148055,8577575,168438402,81253,0,67873193,42667834,121255,148067454,89426,215760,918778,252695951,132382,61634918,3769650,101468447,46206605,86275026,217424289,114203767,185224849,23897612,6572,0,4060869,158770700,243844,16792,95514269,1374376,170627,80614475,278051699,5885465,473233,27380203,4508918,5821,40921,65621,33250332,12687,47216404,137135918,19410,156247601,43766381,SA005_Standard-10000nm,SA005,True,10000.0
/data/big/LSARP/LSARP-metabolomics/2020_05_06RG_SA005/2020_05_06RG_HILICNeg15S_Col002_LSARP_SA005_Standard-50000nm.mzXML,12777919,624893934,581150790,3340449,674933,352643,92437831,861021,2171657,965996,138692214,883266,2054778,993940,1312053,0,436291,22849576,173578,146379825,1405161,139598757,29325444,473502,2672967,3187145,71236337,37618276,473869040,599471,0,189374813,149440440,537752,513797850,108199,809317,5479597,717853832,227562,352624269,19545253,509801786,223562710,306212771,756969642,263393974,590235326,85273643,196340,9343,23001605,550940330,736760,65355,336435639,3964458,1081571,226999180,933387474,28106094,2681746,78007122,14586509,61273,124031,333814,98580480,11122,143543110,375932253,212657,570619367,149185446,SA005_Standard-50000nm,SA005,True,50000.0
/data/big/LSARP/LSARP-metabolomics/2020_05_08RG_SA006_MetaRpt001/2020_05_07RG_HILICNeg15S_Col002_LSARP_SA006_Standard-10nm.mzXML,1688,81652,232928,0,0,165369,0,1446,5916,151683,52328,0,0,2996,0,0,0,0,0,12429,0,78054,0,0,96005,3184,21890,0,293092,2753,0,409093,19988,84559,473142,39716,240478,0,267905,0,44746,0,69440,19411,385087,346395,140204,353653,19681,0,0,0,78209,334751,58601,13066,0,0,201169,3561851,3425,48474,12077,0,0,0,0,4596726,6071,6609,272740,21873,3578552,25355,SA006_Standard-10nm,SA006,True,10.0
/data/big/LSARP/LSARP-metabolomics/2020_05_08RG_SA006_MetaRpt001/2020_05_07RG_HILICNeg15S_Col002_LSARP_SA006_Standard-50nm.mzXML,27790,587835,1209643,0,0,174067,37362,0,1820,97624,409871,0,0,3065,0,0,0,8664,0,96554,0,211044,13076,0,84983,0,72562,33947,1492325,0,0,689975,225687,45884,1305669,53091,213699,1377,1645428,0,263861,2875,434294,217889,785439,1967011,950712,1803802,94528,0,0,10982,826535,265381,31424,328167,1767,0,693985,5279380,13058,39888,228774,8499,0,0,6238,4739525,0,220423,1327690,4235,4372542,252711,SA006_Standard-50nm,SA006,True,50.0
/data/big/LSARP/LSARP-metabolomics/2020_05_08RG_SA006_MetaRpt001/2020_05_07RG_HILICNeg15S_Col002_LSARP_SA006_Standard-100nm.mzXML,59324,1255421,2534955,0,0,158446,121956,0,8824,62819,900661,2161,1366,2694,1435,0,0,36459,0,277359,0,448229,15489,0,68920,0,138934,88899,3398253,1551,0,1120674,545762,38474,2377290,19174,190319,7863,3514263,0,509172,9638,952955,420828,1213250,4312422,2152235,3813358,223180,0,0,20873,1743093,231099,51208,813072,2221,0,1180663,8451128,32932,35421,487806,46165,0,0,0,5106367,6582,561582,2659227,7249,5281312,589888,SA006_Standard-100nm,SA006,True,100.0
/data/big/LSARP/LSARP-metabolomics/2020_05_08RG_SA006_MetaRpt001/2020_05_07RG_HILICNeg15S_Col002_LSARP_SA006_Standard-500nm.mzXML,236595,6759086,11880147,49886,0,144438,899324,7143,21828,51232,4130141,2066,14313,0,5371,0,0,218380,0,1487113,12074,2013285,245323,0,73776,20656,811545,421309,16109001,6086,0,4564467,2605437,20094,10523425,25672,157004,36138,19468771,0,2877955,166409,5111769,2241448,5197068,20213600,11557171,18469000,1393140,0,0,207241,9038484,281824,37927,4457043,70146,7758,5443327,27262720,248745,31972,2492192,203116,0,0,4995,6897505,2713,2729171,12454161,10377,12918099,2849264,SA006_Standard-500nm,SA006,True,500.0
/data/big/LSARP/LSARP-metabolomics/2020_05_08RG_SA006_MetaRpt001/2020_05_07RG_HILICNeg15S_Col002_LSARP_SA006_Standard-1000nm.mzXML,504885,12978663,22665122,119918,1729,173888,1725566,8697,32151,60044,8399457,1759,28761,5106,9417,0,0,407174,0,2934536,24581,3806171,584513,0,91613,43700,1667091,784259,29156397,4630,0,8195986,5018673,32406,20223095,45702,182643,74447,36895913,9428,5476018,298883,9824941,4428782,9856293,34558821,21341816,33141656,2683105,1353,0,365711,17522331,282368,19089,9073923,130555,14193,10323240,45167740,478335,54079,4503686,375849,0,6403,0,8698588,7929,5259735,23202383,16071,21438028,5326142,SA006_Standard-1000nm,SA006,True,1000.0
/data/big/LSARP/LSARP-metabolomics/2020_05_08RG_SA006_MetaRpt001/2020_05_07RG_HILICNeg15S_Col002_LSARP_SA006_Standard-5000nm.mzXML,2959640,63096534,96808800,637171,28771,191420,9804470,42269,173209,103705,34145286,44831,144562,45412,69063,0,21126,2158887,3748,14346217,156344,17222862,2935014,9599,225930,231508,7955169,4283601,112219546,35931,0,34759158,23373017,78645,90789958,24855,231638,374499,158281733,50396,28144290,1683301,48472806,21960070,44091409,141411160,86169454,123403108,13331051,1239,0,1878150,84271879,293961,24326,47760140,796810,72047,44908167,180434538,2460728,222487,18720812,2116331,6526,48277,19491,22687265,2581,25193830,86416758,10705,85419795,24780452,SA006_Standard-5000nm,SA006,True,5000.0
/data/big/LSARP/LSARP-metabolomics/2020_05_08RG_SA006_MetaRpt001/2020_05_07RG_HILICNeg15S_Col002_LSARP_SA006_Standard-10000nm.mzXML,5240294,125522028,168236527,1190024,91206,336475,20576287,106324,343405,175110,60603940,97399,331929,151797,165426,0,44787,4716475,18839,28417126,334771,36365053,6575163,41832,466180,491400,16206833,8270791,192351797,80176,0,65083654,45353056,83360,168468284,31642,309822,784430,286487133,90276,59172769,3547282,104011144,44445392,87671535,256584299,150263077,224372870,25707143,2987,0,3722015,165585871,310158,24366,94463510,1554252,164707,82273144,320665360,5565734,429966,32635019,4270944,2883,104930,55024,39101176,7475,49481356,148288814,15597,160809643,47324142,SA006_Standard-10000nm,SA006,True,10000.0
/data/big/LSARP/LSARP-metabolomics/2020_05_08RG_SA006_MetaRpt001/2020_05_07RG_HILICNeg15S_Col002_LSARP_SA006_Standard-50000nm.mzXML,17740940,640976637,523240168,3516463,662046,577181,88431701,828082,1924021,892759,147893266,1107594,1745809,687789,1160490,0,443232,21902515,203545,144265949,1843112,129233477,29060860,445809,2310559,2955081,69227204,38683330,605431916,601566,0,187385105,154151807,373870,578478625,112552,817795,4775047,829750003,112519,357544996,19237499,518840343,213619318,329262464,880888372,426278630,674829915,84812264,169682,6192,21851086,611054833,685547,58562,394328875,4510630,1096192,226114999,1087646548,28775292,2554569,103166737,16693917,57414,463789,301928,123563616,0,165308026,412078289,117285,605183558,162609370,SA006_Standard-50000nm,SA006,True,50000.0
/data/big/LSARP/LSARP-metabolomics/2020_05_10RG_SA007/2020_05_09RG_HILICNeg15S_Col002_LSARP_SA007_Standard-10nm.mzXML,10524,102810,213279,0,0,141779,0,0,9536,149184,49009,0,0,5243,0,3849,0,2552,0,13290,0,36863,4576,0,105896,2812,9045,0,309868,3343,0,398241,57627,80437,520766,42449,228591,1541,244261,0,49483,0,84378,28499,429531,397663,98648,424097,11271,0,0,3675,134306,270964,50264,8731,0,0,268629,3641754,0,47328,21586,0,0,0,0,5153497,8046,14397,262316,16921,5271049,35623,SA007_Standard-10nm,SA007,True,10.0
/data/big/LSARP/LSARP-metabolomics/2020_05_10RG_SA007/2020_05_09RG_HILICNeg15S_Col002_LSARP_SA007_Standard-50nm.mzXML,31788,631670,1043602,0,0,162908,79466,0,6700,87824,520306,0,0,2224,1675,0,1260,14945,0,117085,0,224410,17875,0,80711,1599,99783,48740,1985205,3015,0,807450,283186,70933,1357858,43029,205486,1375,1910259,0,294647,11853,499054,218214,842941,2368552,1099780,2378598,133999,0,0,18805,952351,241194,36418,181948,2165,1975,763120,5900385,19244,38719,266209,13605,0,0,0,5315664,16530,278316,1114276,16319,6129501,308779,SA007_Standard-50nm,SA007,True,50.0
/data/big/LSARP/LSARP-metabolomics/2020_05_10RG_SA007/2020_05_09RG_HILICNeg15S_Col002_LSARP_SA007_Standard-100nm.mzXML,43335,1372530,2381996,6892,0,178710,192320,0,8658,61837,1017996,0,0,0,3073,2221,0,41252,0,238762,0,418972,38470,0,62591,0,180462,96721,3891976,2785,0,1260265,625425,19378,2350849,24190,181094,4899,3764086,0,595623,32541,989258,482299,1357507,4771828,2362061,4719615,239955,0,0,36166,2094229,207682,32869,557645,5926,1916,1374266,8624518,45078,39922,567601,34251,0,0,0,5660037,19579,709517,2399407,21491,7353518,618401,SA007_Standard-100nm,SA007,True,100.0
/data/big/LSARP/LSARP-metabolomics/2020_05_10RG_SA007/2020_05_09RG_HILICNeg15S_Col002_LSARP_SA007_Standard-500nm.mzXML,356083,7749722,11584619,87578,3493,91418,1248029,6043,26173,61777,5932227,5699,19893,0,4856,0,0,325729,0,1509891,11785,2080357,397950,0,91289,25768,1077750,579875,24275357,2623,0,5747018,3756245,42332,12071287,24954,181863,48737,24009098,0,3177797,224098,6174845,2701049,6132094,27672762,15716941,28476791,2027121,0,0,193016,12014756,254361,32635,3768545,183276,7137,7122313,31175229,344071,51591,3785446,373310,0,8429,0,9134530,15900,4766041,11286929,25609,16940202,3712905,SA007_Standard-500nm,SA007,True,500.0
/data/big/LSARP/LSARP-metabolomics/2020_05_10RG_SA007/2020_05_09RG_HILICNeg15S_Col002_LSARP_SA007_Standard-1000nm.mzXML,633398,17316327,23111346,248235,6809,129589,2947738,13321,53070,84800,15024055,5919,33352,0,17171,0,4875,787540,0,3609428,10487,4732017,1048105,0,104459,64906,2767141,1543265,45304682,9031,0,12769140,8730947,75089,22870741,34005,169538,112393,48515056,2696,7384569,540437,13248870,6007159,14081678,54183792,30669457,53785388,4360868,0,0,526284,26885928,306639,47463,7152361,330487,16635,17042834,56404390,831205,93066,7263236,684301,0,8333,0,12183728,3459,9824306,20948776,17193,31242870,8600709,SA007_Standard-1000nm,SA007,True,1000.0
/data/big/LSARP/LSARP-metabolomics/2020_05_10RG_SA007/2020_05_09RG_HILICNeg15S_Col002_LSARP_SA007_Standard-5000nm.mzXML,3921182,85143152,99350535,1178071,53992,165645,15512261,58663,230565,129377,61008720,47376,189786,101609,95781,0,34571,3967406,18961,17731918,108771,22879367,5264391,22059,320683,359598,12758581,7047333,187639319,46196,0,55266747,39866487,72879,109922238,43468,308547,580388,217466999,89563,36848631,2881146,67790092,29307102,65578253,227730570,113722011,218872635,21809951,4130,0,2545030,132163922,320577,42063,33669535,1890131,110388,73998222,248797828,4382676,327977,33045229,4037546,3702,23263,38286,39042543,7525,47497182,70696881,32771,127937803,38214134,SA007_Standard-5000nm,SA007,True,5000.0
/data/big/LSARP/LSARP-metabolomics/2020_05_10RG_SA007/2020_05_09RG_HILICNeg15S_Col002_LSARP_SA007_Standard-10000nm.mzXML,6757528,156492979,177343597,1848750,138089,249574,29609692,144661,481512,229176,94325679,120678,423301,201470,268550,0,89507,7808385,73131,33586794,252530,41883675,9778738,84247,637861,739858,23761530,13691825,309090562,88033,0,87480993,69830819,130827,199881478,55166,368127,1252518,382579806,156899,67587094,5035442,127827233,56720516,117279170,385984202,177186007,374951747,38777153,11124,0,5398760,239506264,376612,32968,60576016,3013347,244518,123152555,447363055,8860685,638533,55347635,7287220,10688,22085,77767,66867129,12844,87020422,118132303,27261,232583808,65686372,SA007_Standard-10000nm,SA007,True,10000.0
/data/big/LSARP/LSARP-metabolomics/2020_05_10RG_SA007/2020_05_09RG_HILICNeg15S_Col002_LSARP_SA007_Standard-50000nm.mzXML,21494526,770281313,577420742,6038968,1042085,179155,120157806,1224486,2632874,1257660,213077057,926628,2332747,974007,1876688,4227,716022,35579855,358328,174285539,1386492,141907695,42538546,816453,3203626,4063987,98566298,61907706,916324478,622645,0,251630828,215670813,479417,721842542,84013,886061,7123270,1108003004,200574,423506693,26447071,651014693,270552025,398751674,1204593618,338718096,1151790926,116879055,334337,15599,29191191,853065351,873192,81220,184172338,8007387,1476207,327119231,1511320655,40187719,3476347,170610312,26719165,57688,104185,404394,207741776,17677,274855178,377418386,166857,850741790,206539309,SA007_Standard-50000nm,SA007,True,50000.0
/data/big/LSARP/LSARP-metabolomics/2020_04_20RG_SA008/2020_04_20RG_HILICNeg15S_Col002_LSARP_SA008_Standard-10nm.mzXML,20829,206100,236017,0,0,136195,4168,0,30732,264999,164835,0,2009,0,0,0,0,0,0,35818,0,172209,17823,0,298575,2145,15642,9324,723080,2213,0,596093,120498,93463,1222976,48894,9962,8771,578623,0,80192,0,147196,50762,964556,867376,0,810767,68467,0,0,0,296581,63663,3363,3599,3948,7846,596540,7604134,5166,74289,54231,13342,0,0,0,14176977,34369,103743,248071,19391,4405938,97205,SA008_Standard-10nm,SA008,True,10.0
/data/big/LSARP/LSARP-metabolomics/2020_04_20RG_SA008/2020_04_20RG_HILICNeg15S_Col002_LSARP_SA008_Standard-50nm.mzXML,86551,1243501,1293970,3552,0,140659,192243,7454,37015,163305,1158998,0,1470,0,0,0,0,40749,0,258822,0,505216,68146,0,186820,3062,190948,118607,4098192,5329,0,1418067,681055,44332,3178989,68984,23354,11833,3460360,3385,498500,27130,923848,445573,1735962,4911550,738026,4485732,392238,0,0,50037,2212674,80207,9301,94816,8548,5942,1647916,10692631,45161,47608,486283,120490,0,0,0,14989666,58403,739576,1341312,30482,6489072,621747,SA008_Standard-50nm,SA008,True,50.0
/data/big/LSARP/LSARP-metabolomics/2020_04_20RG_SA008/2020_04_20RG_HILICNeg15S_Col002_LSARP_SA008_Standard-100nm.mzXML,155092,2483188,2766516,11725,0,122705,372402,2450,37266,126538,2309003,0,2548,0,0,0,0,128301,0,497384,5358,958993,135328,0,147887,12152,348311,222423,7910483,5021,0,2336488,1281131,37399,5635134,62089,7904,11611,7058379,0,1083073,61673,1793097,885569,2600024,9609032,2419042,8814792,775526,0,0,70247,4294530,45119,10921,471488,54327,2409,2765591,14298603,99347,34324,1013909,297837,0,0,0,15655067,79335,1461856,2637815,18063,8176681,1253525,SA008_Standard-100nm,SA008,True,100.0
/data/big/LSARP/LSARP-metabolomics/2020_04_20RG_SA008/2020_04_20RG_HILICNeg15S_Col002_LSARP_SA008_Standard-500nm.mzXML,701674,13765237,14172360,165074,6587,148883,2431766,11298,80466,117154,12963211,8724,36868,7827,13795,0,3929,681168,0,2947233,62348,5260268,804855,0,159149,57788,2258214,1307571,42509423,12323,0,11174822,7213075,57537,28990566,54006,13200,99412,39511571,8140,5644656,415872,9991603,4806472,11849118,50019100,19787785,46083369,4289862,0,0,385933,24276651,62136,3654,4428137,492609,26800,14245443,44368702,668411,96374,5626980,1698432,0,11181,0,23080074,21040,8404254,14011698,26508,25778728,6924404,SA008_Standard-500nm,SA008,True,500.0
/data/big/LSARP/LSARP-metabolomics/2020_04_20RG_SA008/2020_04_20RG_HILICNeg15S_Col002_LSARP_SA008_Standard-1000nm.mzXML,1480900,28900767,29881904,374681,14516,170618,5421216,33698,129072,118776,26712568,30854,75887,31199,39847,0,9988,1462003,0,6103741,92370,10980431,1734543,4461,195580,136484,4804869,2711924,84146570,25721,0,22370165,15140698,80969,59181418,53071,23901,221909,80424931,32601,12148057,883602,21302335,10513775,24213209,99774035,42811778,91372254,9007907,0,0,946388,50814174,84312,2949,10531343,1102680,57742,29235069,83010062,1498384,167180,11444646,3410096,2777,36144,18446,31569699,23021,17513078,28894236,37577,49793355,14694902,SA008_Standard-1000nm,SA008,True,1000.0
/data/big/LSARP/LSARP-metabolomics/2020_04_20RG_SA008/2020_04_20RG_HILICNeg15S_Col002_LSARP_SA008_Standard-5000nm.mzXML,7826435,147470046,134035481,1657884,106354,590316,26867896,146744,537567,283286,107969521,130457,397146,252803,208167,0,97820,7036978,21042,32045993,391166,53419886,8978590,81492,591079,699247,23118866,12933695,338149594,112728,0,95092679,65665585,109560,283021371,117501,196575,1006420,350833823,236981,62247619,4908065,104062907,51897031,106424814,420325941,200321160,355006051,41359855,12640,0,4694050,230512441,275227,3201,73841793,4871458,227239,117202769,374939806,8008474,744220,49865550,16504828,24901,189322,102372,96992079,57722,79632228,126953980,72770,208436548,66649421,SA008_Standard-5000nm,SA008,True,5000.0
/data/big/LSARP/LSARP-metabolomics/2020_04_20RG_SA008/2020_04_20RG_HILICNeg15S_Col002_LSARP_SA008_Standard-10000nm.mzXML,13185062,278745203,236682604,2814521,243357,1051302,48706692,327626,1023738,482744,175339239,271160,791143,452874,488917,0,207578,13470849,96072,62319583,980042,97737096,16413484,183683,1039334,1443178,41052879,23702559,593975488,230221,0,154216879,111826506,214936,534949010,124774,447487,1980735,592451055,380596,127279736,9384767,201771590,98420914,189875022,714188541,344053426,594080452,70451169,58221,0,9871266,405723835,508415,30145,153239034,8430180,513332,194677067,682649263,14068556,1476816,87695445,28612324,43251,373636,206408,166584212,151498,139237407,216705409,105894,386058221,114968622,SA008_Standard-10000nm,SA008,True,10000.0
/data/big/LSARP/LSARP-metabolomics/2020_04_20RG_SA008/2020_04_20RG_HILICNeg15S_Col002_LSARP_SA008_Standard-50000nm.mzXML,52254927,1574083709,862948102,7821943,2042669,4166746,192682724,2549648,5690539,2738487,454242336,3191208,4489466,3154397,3615583,0,1639987,60105984,616493,327906896,5859083,407743614,67031937,1789323,5914556,8243782,129936606,93686889,1980795056,1923217,3479,454686190,306846780,1250718,2081811411,808536,2442048,11945514,1771977798,638032,813958478,47611093,1156126991,444503122,681754049,2238679218,979484996,1778454575,226086037,751600,18091,55869621,1543585782,1075356,202520,720412883,25575019,3862369,503927355,2789444486,67198508,7737940,281726042,102985779,125894,1389443,1174785,570735545,155512,448287685,666140523,982643,1590625557,373996106,SA008_Standard-50000nm,SA008,True,50000.0
/data/big/LSARP/LSARP-metabolomics/2020_04_20RG_SA009/2020_04_21RG_HILICNeg15S_Col002_LSARP_SA009_Standard-10nm.mzXML,28667,299912,332887,0,0,96894,47892,1344,25725,319727,30490,0,0,0,0,0,0,3249,0,53259,0,198685,32159,0,294739,1734,51148,21284,874705,6852,0,592856,179722,83617,1289929,106392,62077,4854,826013,0,129928,2603,231146,104332,1012477,1122840,2035,1080281,104303,0,0,0,578149,109566,16444,8443,5537,0,745159,7138934,4667,74227,104439,16039,0,0,0,13695103,20779,179352,392607,62497,5854610,183448,SA009_Standard-10nm,SA009,True,10.0
/data/big/LSARP/LSARP-metabolomics/2020_04_20RG_SA009/2020_04_21RG_HILICNeg15S_Col002_LSARP_SA009_Standard-50nm.mzXML,110565,1457821,1584258,5798,0,90120,247035,0,29792,209398,1191432,0,2411,0,0,0,2268,65190,0,289923,0,642964,100485,0,180048,7536,249796,132471,4667722,2821,0,1606212,837607,98056,3370268,52785,16274,7480,3898812,0,624629,27362,1153346,567685,1824575,5640949,8727,5183439,458705,0,0,28713,2729928,52741,8176,5791,18198,2381,2111618,10913306,56569,56904,596691,130270,0,0,0,14883301,16486,1008804,1686111,50430,7757197,771199,SA009_Standard-50nm,SA009,True,50.0
/data/big/LSARP/LSARP-metabolomics/2020_04_20RG_SA009/2020_04_21RG_HILICNeg15S_Col002_LSARP_SA009_Standard-100nm.mzXML,215342,3592324,3885750,29221,3403,80650,597910,6699,42521,150888,2624009,2018,13120,0,2051,0,0,176465,0,714773,3305,1491614,197395,0,170359,19615,657205,360106,10599300,7817,0,3303274,2030588,67915,7235598,62197,24749,32169,9094906,4031,1467655,89180,2755530,1299977,3553388,12562439,71025,11462293,1180015,0,0,119183,6607243,44242,2890,202984,112439,8717,4341222,16242419,200377,50520,1334055,340359,0,0,4005,16335636,26497,2279928,3795645,37085,11168320,1923564,SA009_Standard-100nm,SA009,True,100.0
/data/big/LSARP/LSARP-metabolomics/2020_04_20RG_SA009/2020_04_21RG_HILICNeg15S_Col002_LSARP_SA009_Standard-500nm.mzXML,950998,19466684,20570125,261447,11675,63752,3600341,31800,109527,155650,15959468,30381,59949,17396,38030,0,11153,1015341,0,4341858,0,7412789,1311018,4812,203929,117602,3590491,1974977,54100427,24012,0,15603718,10924240,75199,35401215,71744,33821,173022,49817516,8185,8195682,570614,14613580,7193937,16482420,63359069,6449143,58866437,6530488,1854,0,619886,35243558,105025,6743,3968993,757452,39187,20821306,56144724,1145858,134953,7181925,1678917,0,5407,9672,25189958,25441,12712616,18861550,22841,36124459,10519047,SA009_Standard-500nm,SA009,True,500.0
/data/big/LSARP/LSARP-metabolomics/2020_04_20RG_SA009/2020_04_21RG_HILICNeg15S_Col002_LSARP_SA009_Standard-1000nm.mzXML,1939410,39514851,39678650,546677,34595,109122,7663879,67593,169618,151060,32185855,59193,135430,67917,87355,0,35879,2063530,5264,8506731,0,14748837,2516299,18242,266853,204380,6830470,3883619,102188738,38664,0,30310497,19763348,88192,70112927,55639,22519,365530,100614784,58666,16565341,1206526,29174322,13935820,32122761,123092896,20911586,109830609,13260424,1757,0,1286457,69565178,111421,13371,9542497,1566493,77757,40417725,107580606,2245069,229707,14085562,3446587,3912,20846,29329,35395307,64951,24450128,34591194,38762,67064534,18856087,SA009_Standard-1000nm,SA009,True,1000.0
/data/big/LSARP/LSARP-metabolomics/2020_04_20RG_SA009/2020_04_21RG_HILICNeg15S_Col002_LSARP_SA009_Standard-5000nm.mzXML,11115016,203766684,181893140,2467628,293773,611502,38813375,387573,982604,504704,122002543,317242,773873,386889,530334,0,289697,11254349,63934,45766800,0,73266350,12990769,204891,1094907,1291398,33338537,19913768,404877988,242639,0,130181551,90276281,147146,359257407,66119,254028,2019909,446492935,400779,93496719,6373949,151450615,73629497,146811723,510488846,76432885,438772794,61424682,64629,1906,7449777,321747846,590876,25091,32717093,6664607,484839,163023944,513286722,12278296,1120535,60049154,16951431,25860,5035,73548,116082066,93649,110790945,92839653,104351,296654686,87048824,SA009_Standard-5000nm,SA009,True,5000.0
/data/big/LSARP/LSARP-metabolomics/2020_04_20RG_SA009/2020_04_21RG_HILICNeg15S_Col002_LSARP_SA009_Standard-10000nm.mzXML,15292591,364264359,294135767,3944539,536164,755264,65218761,744860,1650120,847365,179614473,423485,1391184,712158,992467,0,501520,19290470,190958,83124615,0,121051784,22685198,457864,1818340,2312842,54914400,33800093,626212355,326625,0,203765451,141424935,286716,615003652,105522,370853,3868527,685387069,724787,170652057,12116106,284168922,130789040,247118903,797641605,82653021,694343172,94055983,162477,2263,13901748,525052009,889875,37145,27520126,9668410,889269,248071155,953848494,20760244,2160991,96512970,28477133,49621,0,69312,181498858,82656,175152795,77699234,149445,504620514,121984836,SA009_Standard-10000nm,SA009,True,10000.0
/data/big/LSARP/LSARP-metabolomics/2020_04_20RG_SA009/2020_04_21RG_HILICNeg15S_Col002_LSARP_SA009_Standard-50000nm.mzXML,39413787,1644087742,1011294332,9616319,3691841,61532,232159653,4497132,8650514,4471150,257669243,1727292,7334967,3666169,5953711,0,2660678,79825817,931595,416597295,0,396489377,84024515,3370744,9136915,12191042,155122644,108689266,1881847961,887578,0,491810225,354055174,1165648,2199538828,640889,107732,24096186,1771464493,914741,1009976274,56496680,1479883554,558356940,794865042,2311832406,2815776,1830812163,263024007,1566203,35570,73483775,1745432635,1390883,199376,1071444,24800846,5499890,619660702,3516140172,84333945,12148495,277910007,95703744,193455,0,62966,558635311,35195,499815173,80335939,1004959,1432722599,260137848,SA009_Standard-50000nm,SA009,True,50000.0
/data/big/LSARP/LSARP-metabolomics/2020_04_24RG_SA010/2020_04_24RG_HILICNeg15S_Col002_LSARP_SA010_Standard-10nm.mzXML,46633,240915,293047,0,1449,218465,30592,2006,43886,310281,274784,0,0,0,0,0,0,6954,4018,18729,0,189234,39379,0,301956,0,37651,18720,745239,5624,0,695414,136390,187948,1360770,153542,26365,1488,627806,0,97725,0,174246,84175,893246,856811,396902,806747,105723,0,0,0,403115,35674,14190,23538,2354,5179,803983,8165075,0,41821,64484,13129,0,0,0,19679817,5814,154374,375803,106136,11663438,127112,SA010_Standard-10nm,SA010,True,10.0
/data/big/LSARP/LSARP-metabolomics/2020_04_24RG_SA010/2020_04_24RG_HILICNeg15S_Col002_LSARP_SA010_Standard-50nm.mzXML,90788,1227654,1393299,6281,0,212521,204255,0,45249,212102,1450864,0,2812,0,0,0,0,77206,0,222286,0,549656,134655,0,205691,1958,212485,126880,3919946,5315,0,1624379,762468,172089,3290925,124593,10236,10271,3487297,0,535583,30385,996544,456470,1733785,4609522,2257313,4402047,476297,0,1590,20431,2489417,34283,9507,357632,5643,6988,2019905,11241347,52211,54671,552607,84583,0,0,0,18967048,4174,915564,1638478,62448,13797046,730509,SA010_Standard-50nm,SA010,True,50.0
/data/big/LSARP/LSARP-metabolomics/2020_04_24RG_SA010/2020_04_24RG_HILICNeg15S_Col002_LSARP_SA010_Standard-100nm.mzXML,144669,2566240,2992875,21744,0,241900,475497,4231,51871,168049,3093409,0,2496,0,0,0,0,140132,0,479065,7863,981275,200665,0,162372,4911,373557,244027,8109646,1439,0,2698373,1504220,169999,5854128,98651,17462,16082,7434555,0,1057347,93071,1963923,987847,2823932,9520115,4866359,9002282,889426,0,0,74554,4852655,53651,13126,1064319,52920,8126,3453212,15530315,94138,38648,1169160,190841,0,0,0,19686416,16157,1933949,2936625,67727,16035047,1419930,SA010_Standard-100nm,SA010,True,100.0
/data/big/LSARP/LSARP-metabolomics/2020_04_24RG_SA010/2020_04_24RG_HILICNeg15S_Col002_LSARP_SA010_Standard-500nm.mzXML,764230,14589415,14703364,218780,0,158360,2839755,9014,81246,125850,16374407,7369,23821,25572,12419,0,1746,841161,0,2879929,53978,5206894,999821,0,172341,50782,2405389,1480348,39277643,9013,0,12468260,8186215,132481,27087177,139965,33744,85264,38746636,10374,5789233,529293,10987631,5267766,12256656,46400887,26258428,43987903,4648011,1952,0,401813,25923459,59848,18784,6045157,457955,24484,16434677,47911122,665558,93741,5870079,1091791,0,45407,5662,27537564,14540,9931675,14764131,102600,34307947,7741367,SA010_Standard-500nm,SA010,True,500.0
/data/big/LSARP/LSARP-metabolomics/2020_04_24RG_SA010/2020_04_24RG_HILICNeg15S_Col002_LSARP_SA010_Standard-1000nm.mzXML,1412064,27876059,30253317,472860,7885,180799,5958481,19329,116802,126502,29818159,18411,69160,45920,34484,0,10612,1699795,0,5692885,102681,10096450,1926303,0,211826,113918,4909565,3013210,74469423,11087,0,22535097,15615796,143090,52412832,107646,54426,188360,74678714,35101,12052801,1039275,21617369,10577242,22456237,88214941,49552854,80459996,9610467,0,0,847656,51029051,117632,9505,13255243,991150,48424,31222920,84482762,1446104,145197,11455188,2147605,0,70347,16713,35104674,10838,20455138,27906451,50445,55313924,14627323,SA010_Standard-1000nm,SA010,True,1000.0
/data/big/LSARP/LSARP-metabolomics/2020_04_24RG_SA010/2020_04_24RG_HILICNeg15S_Col002_LSARP_SA010_Standard-5000nm.mzXML,6801762,143259437,139804463,2227271,100754,419510,29555236,106553,511072,266332,125769749,98369,355779,298433,190063,0,66592,8393415,63377,29981778,603948,53300172,9809260,55566,598879,687814,24082812,15223866,330706167,86780,4872,100267235,71956822,171994,270984269,70425,349455,1092926,354087943,301795,63201730,6022897,107907728,53067948,107125011,401770356,222194273,348996597,44563833,6686,0,4717292,247046605,501169,31387,84727680,4739999,243081,135907843,390865544,8082503,694697,53369547,10490265,21643,299949,157953,97961631,0,95813638,123954821,73010,225129251,68935266,SA010_Standard-5000nm,SA010,True,5000.0
/data/big/LSARP/LSARP-metabolomics/2020_04_24RG_SA010/2020_04_24RG_HILICNeg15S_Col002_LSARP_SA010_Standard-10000nm.mzXML,14284680,301148523,267103121,4155018,229149,761726,58787800,244817,978992,465008,218570716,248458,738717,617976,388712,0,144554,16305232,173339,62647722,1230323,104576629,19431782,130254,1131075,1368064,46323653,28321737,580761468,180643,0,178561699,134837207,249693,509770161,100476,799693,2370807,640034688,572228,133492459,11655751,231443198,107498896,204352052,723594426,385942823,588502595,81956415,25363,0,9390987,457244064,847528,32376,182379660,8192710,533247,240931558,757362309,16156419,1470965,96639985,20302449,36335,682667,444974,166812256,0,171457371,235146911,193165,435385410,130494983,SA010_Standard-10000nm,SA010,True,10000.0
/data/big/LSARP/LSARP-metabolomics/2020_04_24RG_SA010/2020_04_24RG_HILICNeg15S_Col002_LSARP_SA010_Standard-50000nm.mzXML,46098369,1706615674,1018197553,12366946,1953161,2445421,235818128,2134096,5251790,2426361,563569586,2489515,4138285,3228464,2920158,0,1303705,79993764,937027,343987766,5857028,467310965,83459427,1426245,5550482,8162504,164033303,121361488,2065474689,1452944,0,546346654,397431440,1032963,2000639563,454968,3911588,13805321,1979689107,623040,852067341,60775609,1323602329,512281447,736437868,2463633548,1120529227,1792197127,249667471,514338,22842,54758138,1755036514,1379405,177409,744742963,25213384,3621756,649641271,3027510154,73542925,9107855,334966003,71259444,172094,2702440,2021996,568521084,10085,579632096,800274371,664606,1795363910,454317061,SA010_Standard-50000nm,SA010,True,50000.0
/data/big/LSARP/LSARP-metabolomics/2020_04_26RG_SA011/2020_04_26RG_HILICNeg15S_Col002_LSARP_SA011_Standard-10nm.mzXML,12715,178173,291810,0,0,223246,8166,2381,44799,326374,135558,0,0,0,0,3881,0,11285,0,28257,0,187177,25441,0,299455,0,46206,14552,506175,3227,0,880298,93305,119278,1034692,101370,22649,0,505007,0,106345,0,162943,51915,781456,623457,195128,621360,39268,0,0,6130,252767,49798,16991,11424,0,4444,547749,6362878,0,49228,31149,4351,0,0,0,23465657,3381,70315,346694,54834,18891590,100665,SA011_Standard-10nm,SA011,True,10.0
/data/big/LSARP/LSARP-metabolomics/2020_04_26RG_SA011/2020_04_26RG_HILICNeg15S_Col002_LSARP_SA011_Standard-50nm.mzXML,41770,943668,1462266,3010,0,255194,159630,1255,34947,163582,822263,0,2763,0,0,0,0,51806,0,233093,2568,503615,88618,0,168979,3773,184245,90523,2810800,2091,0,1448777,547658,52122,2784301,91613,17021,10459,2948431,0,478005,29804,825933,428638,1365334,3214404,1480879,3096632,256022,0,0,31532,1517686,37946,6656,429116,1829,3652,1314475,9224874,55975,37603,397554,16608,0,0,4022,23351845,0,518846,1387468,51031,20227505,556322,SA011_Standard-50nm,SA011,True,50.0
/data/big/LSARP/LSARP-metabolomics/2020_04_26RG_SA011/2020_04_26RG_HILICNeg15S_Col002_LSARP_SA011_Standard-100nm.mzXML,46504,1851231,2895883,6651,0,241177,298630,0,34511,134465,1295515,2694,2569,0,0,0,0,101237,0,427547,2585,796418,108604,0,129689,11691,291033,189109,4233131,1836,0,2245019,941407,85444,4299352,77270,3495,17300,4993432,0,867383,52477,1422906,683888,1854081,5457618,2548928,4770189,408441,0,0,83058,2516757,29817,11398,1113988,6104,6428,1785701,11240022,86293,39506,604744,39671,0,0,0,23022681,0,885806,2612937,37203,21329413,879726,SA011_Standard-100nm,SA011,True,100.0
/data/big/LSARP/LSARP-metabolomics/2020_04_26RG_SA011/2020_04_26RG_HILICNeg15S_Col002_LSARP_SA011_Standard-500nm.mzXML,316302,9448238,13584409,111794,1834,231206,1529335,11611,74588,109355,6900006,4720,23494,0,7192,0,1335,512289,0,2189981,14993,3631698,519768,2953,170609,54941,1575063,892293,22524728,5319,0,7902473,4256444,42377,20429517,65520,4487,88119,27075802,5245,4400250,271104,7069788,3743583,7616276,26645490,13839867,23383959,2261853,0,0,302582,13651514,41655,6223,6512755,129953,15592,8458132,34380823,521269,83440,3369094,359203,0,9787,4850,24852367,5732,4771230,11892388,57683,32078215,4161074,SA011_Standard-500nm,SA011,True,500.0
/data/big/LSARP/LSARP-metabolomics/2020_04_26RG_SA011/2020_04_26RG_HILICNeg15S_Col002_LSARP_SA011_Standard-1000nm.mzXML,664481,22314632,28884381,308940,11012,267955,4201361,18630,113717,122864,14464005,15211,78430,23608,26798,0,8179,1326776,0,5356772,0,8027601,1540676,0,185785,110906,4553892,2302588,43017151,12493,3516,16922565,12272862,116021,41460200,68780,23892,170210,53006436,8904,10554902,856059,18396744,8990022,16116085,48173223,26675312,45441383,4831927,0,0,759884,29937495,72702,13402,12495913,294294,32869,18423841,60846419,1196814,147809,6269020,711734,0,15312,9181,27462760,0,10241949,21746887,35081,48396984,12092260,SA011_Standard-1000nm,SA011,True,1000.0
/data/big/LSARP/LSARP-metabolomics/2020_04_26RG_SA011/2020_04_26RG_HILICNeg15S_Col002_LSARP_SA011_Standard-5000nm.mzXML,3833888,119632231,135539015,1553541,95823,396801,22757536,116116,445592,259028,60662083,68560,311704,183335,204558,0,68275,7031091,34256,26455526,17611,40995278,7800185,40674,548331,610221,19094875,11772535,181233495,58132,0,78449798,55541651,159420,198132534,88024,176260,1155262,245076138,209217,56008176,4613510,98936870,46656202,79033580,242093260,79383444,194215091,25218486,7514,0,4975637,155425380,289810,10908,42258316,1601192,197878,82710865,284227739,7595881,669457,30011242,4261065,23690,0,59003,53033627,15860,54772644,44145438,67320,161731739,49077465,SA011_Standard-5000nm,SA011,True,5000.0
/data/big/LSARP/LSARP-metabolomics/2020_04_26RG_SA011/2020_04_26RG_HILICNeg15S_Col002_LSARP_SA011_Standard-10000nm.mzXML,7702053,204714283,217076121,2098860,182136,408010,31358781,252253,799374,379698,74553484,100482,639667,269516,373519,0,132675,9391942,79616,45530873,16351,61682947,10310281,101245,941798,1215154,26109081,15315985,257248584,94961,0,104100960,68925374,199302,319113264,77014,196976,2124029,373454829,454916,102344990,6898639,173909823,72678604,117845021,388983358,69511721,272630135,37109995,24813,0,6642723,225746427,477010,47384,46879581,2182972,455846,114626736,465376229,10726739,1200979,52260674,9044890,39889,0,54836,79747733,14668,72583932,35545606,104357,228024930,55014561,SA011_Standard-10000nm,SA011,True,10000.0
/data/big/LSARP/LSARP-metabolomics/2020_04_26RG_SA011/2020_04_26RG_HILICNeg15S_Col002_LSARP_SA011_Standard-50000nm.mzXML,16337941,1175383474,785485104,7055524,1239960,231628,151551228,1563049,4551348,1977118,157372397,293841,3430547,1546927,2398963,0,863184,47445524,602682,268178322,0,266878150,49358326,923327,4573133,6872548,105823234,70370844,970721290,237897,0,354178274,245879866,700966,1328761243,241636,80359,14916050,1200780706,572983,698888564,34188090,1017402126,374656264,506668188,1450960247,5980126,982172869,137931598,358025,16740,37924248,1030612245,983265,124952,1182001,8429664,3345317,426719135,2021102176,52019252,7162844,142136332,26363639,171166,0,26148,193948055,0,288639030,31381085,446914,709827492,141775177,SA011_Standard-50000nm,SA011,True,50000.0
/data/big/LSARP/LSARP-metabolomics/2020_04_27RG_SA012/2020_04_27RG_HILICNeg15S_Col002_LSARP_SA012_Standard-10nm.mzXML,10355,80858,208115,0,0,173812,0,0,6921,158799,15030,0,0,74094,0,0,0,0,0,10167,0,42083,0,0,111038,0,6513,3181,135584,0,0,542965,19330,54144,277083,39384,8994,0,101602,0,22175,0,52172,15865,443313,208737,40054,149517,12709,0,0,0,6475,13844,3881,16173,0,0,127582,2166894,0,9018,7106,2105,0,0,0,4634680,18273,0,282132,8176,3090439,18293,SA012_Standard-10nm,SA012,True,10.0
/data/big/LSARP/LSARP-metabolomics/2020_04_27RG_SA012/2020_04_27RG_HILICNeg15S_Col002_LSARP_SA012_Standard-50nm.mzXML,12045,498508,1092784,0,0,255443,32096,2044,5199,93379,228976,0,0,56637,0,0,0,17080,0,117649,0,201682,0,0,82829,0,63323,39027,845920,2290,0,865928,213418,42410,779480,17545,4066,0,979292,0,215345,0,309442,142215,761862,1048167,442580,926495,53080,0,0,22386,420068,7297,0,389207,0,0,406147,3471291,3467,8851,113112,8559,0,0,0,4487229,35607,70217,1237661,10134,3330478,189282,SA012_Standard-50nm,SA012,True,50.0
/data/big/LSARP/LSARP-metabolomics/2020_04_27RG_SA012/2020_04_27RG_HILICNeg15S_Col002_LSARP_SA012_Standard-100nm.mzXML,35806,1052549,2477120,0,0,292645,169326,0,2979,62817,534197,0,0,42979,0,0,0,25282,0,281811,0,384444,18723,0,75901,2007,135313,51977,1620616,0,0,1185972,404997,38173,1393668,17651,3377,2244,1991012,0,444556,7637,747501,331979,1111705,2222224,932270,1738484,106468,0,0,27578,1004417,7860,0,1183269,0,0,856717,4645990,44930,0,304339,21285,0,0,0,4719068,8487,236307,2485614,0,4208459,443465,SA012_Standard-100nm,SA012,True,100.0
/data/big/LSARP/LSARP-metabolomics/2020_04_27RG_SA012/2020_04_27RG_HILICNeg15S_Col002_LSARP_SA012_Standard-500nm.mzXML,182856,5339668,11823022,46365,0,252183,789583,6204,15698,43909,2977539,5253,16954,40134,2607,0,0,198874,0,1460410,8122,2070121,190799,0,79782,25942,749188,324248,8577203,6245,0,4246436,1939944,33193,6417147,15230,0,31623,10662331,0,2202865,154263,3563336,1723803,4175049,10400190,5283950,8515597,897387,0,0,175234,5548754,13331,0,7166140,17054,7806,3875817,14412663,187080,28341,1417939,163907,0,0,0,5969642,40304,1697727,11477570,3707,9944199,2139892,SA012_Standard-500nm,SA012,True,500.0
/data/big/LSARP/LSARP-metabolomics/2020_04_27RG_SA012/2020_04_27RG_HILICNeg15S_Col002_LSARP_SA012_Standard-1000nm.mzXML,414979,11573141,23802575,109316,1756,213962,1770291,12739,40493,44188,5393765,13670,25998,54128,5692,0,0,371477,5060,3192968,11087,4133739,471977,0,94830,43582,1594131,648023,15864197,6566,0,8359708,3625166,16839,13506484,25357,12854,81232,21192261,3061,4753491,369817,7509748,3418817,8121935,20169529,10558040,16939389,1945110,0,0,340251,11457465,28330,0,14199267,87729,10873,7501882,25485835,397009,47571,2844572,342971,0,0,12030,7666394,9429,3421358,21074356,3931,16494360,3977354,SA012_Standard-1000nm,SA012,True,1000.0
/data/big/LSARP/LSARP-metabolomics/2020_04_27RG_SA012/2020_04_27RG_HILICNeg15S_Col002_LSARP_SA012_Standard-5000nm.mzXML,2409491,56200225,102535876,478557,29673,216298,9518600,54310,175288,138397,24524380,70009,178323,142803,68737,0,32641,2223432,0,15660742,94267,21481868,2799042,8509,259022,243821,7738741,3205530,59883423,51483,0,34135571,19271246,44927,60423240,8366,79827,435627,91898557,51707,25025331,1953950,41478746,18696600,36515468,87219377,39905156,65036287,9821634,0,0,1826933,55498864,131873,0,59764089,495116,82131,33353830,102370815,2344751,209797,11755434,1829735,2351,16069,22012,16977088,8139,15424501,70321003,22411,65885901,19311331,SA012_Standard-5000nm,SA012,True,5000.0
/data/big/LSARP/LSARP-metabolomics/2020_04_27RG_SA012/2020_04_27RG_HILICNeg15S_Col002_LSARP_SA012_Standard-10000nm.mzXML,3787172,113568941,185123746,949275,86560,362812,19340406,104063,368383,219445,40384008,126431,367564,244938,194888,0,66499,4571121,34798,28519441,208462,39703072,5349474,54869,504808,559270,14508727,7325184,106063343,91831,0,61721646,34619356,125963,107834827,32401,160649,994206,161460752,114492,56523611,3979764,85153527,37964604,69152532,155505200,62280769,112373640,18707823,7680,0,4442658,105872038,258852,8683,99625719,906158,188638,58174399,178525402,5456058,504755,19312435,3290706,16508,20373,66402,25313317,49096,29474670,106487763,49109,120596227,35038984,SA012_Standard-10000nm,SA012,True,10000.0
/data/big/LSARP/LSARP-metabolomics/2020_04_27RG_SA012/2020_04_27RG_HILICNeg15S_Col002_LSARP_SA012_Standard-50000nm.mzXML,12581755,502897543,561190007,2976019,727385,378218,84967178,999793,2308389,1299192,107639411,990854,2245214,1009526,1469413,0,493485,22276848,290963,129768811,883397,157601895,24498342,517115,2778197,3313326,62563252,31003156,325971962,619484,0,191002012,108749737,401563,398015588,183771,541776,6557316,466664864,186068,330202607,19728834,401640465,189852322,265768268,560197812,99153888,387369438,65011728,217524,6326,19051445,407423180,639010,45963,210148154,2898714,1263725,184367356,599047579,24067548,2879725,58858069,12054094,72510,4994,265658,75063290,155527,103799301,246633158,332957,457410129,104777602,SA012_Standard-50000nm,SA012,True,50000.0
/data/big/LSARP/LSARP-metabolomics/2020_04_29RG_SA013/2020_04_29RG_HILICNeg15S_Col002_LSARP_SA013_Standard-10nm.mzXML,9084,57656,257953,0,0,238521,0,0,9569,157608,12576,0,0,29360,0,0,0,0,0,12476,0,48840,0,0,135772,0,3007,0,132435,0,0,441938,14400,84229,215933,44187,7456,0,93446,0,17774,0,35447,12133,389734,202101,26475,168952,3520,0,0,0,25202,7573,4059,7354,0,0,117056,2015570,0,13602,8654,0,0,0,0,4532598,8985,0,320968,6727,3473201,25943,SA013_Standard-10nm,SA013,True,10.0
/data/big/LSARP/LSARP-metabolomics/2020_04_29RG_SA013/2020_04_29RG_HILICNeg15S_Col002_LSARP_SA013_Standard-50nm.mzXML,10692,503361,1253388,0,0,265072,15321,0,9042,93092,249738,0,0,32928,0,0,0,10133,0,120505,0,141639,4071,0,90958,0,58424,30543,857285,0,0,742100,179082,22228,671561,50631,11213,0,878636,0,185103,3629,340227,139839,676101,1118471,387035,896963,41929,0,0,14279,450238,3621,0,359110,0,4826,453296,3230197,18254,0,142733,5355,0,3547,3526,4802296,16816,39684,1205290,11849,4088160,175838,SA013_Standard-50nm,SA013,True,50.0
/data/big/LSARP/LSARP-metabolomics/2020_04_29RG_SA013/2020_04_29RG_HILICNeg15S_Col002_LSARP_SA013_Standard-100nm.mzXML,42852,956598,2478492,0,0,268336,124732,0,10931,71902,542998,0,0,22087,0,0,0,35051,0,249515,0,344000,15457,0,80233,2383,140747,60242,1598313,2793,0,1046707,384321,48448,1228242,37347,6398,8063,1900188,0,413811,10117,722916,329674,1087402,2241524,861003,1765250,110897,0,0,44468,1044933,4000,3662,1131262,0,0,867942,4328768,42801,3010,313427,16091,0,0,0,5203781,7086,273001,2468710,8602,4685918,386594,SA013_Standard-100nm,SA013,True,100.0
/data/big/LSARP/LSARP-metabolomics/2020_04_29RG_SA013/2020_04_29RG_HILICNeg15S_Col002_LSARP_SA013_Standard-500nm.mzXML,183576,5382728,12255932,52320,2431,254771,765591,5377,28885,58254,2781150,2934,14020,30142,2260,0,0,179388,0,1428632,0,1976125,204375,0,75520,24745,742428,313740,8504276,3218,0,4099446,2007251,43515,6047857,11387,4833,36658,10200189,0,2114622,162674,3843885,1732929,3952035,10920679,4783646,8597313,832907,0,0,156122,5591618,24076,3443,6852075,7422,9703,3837439,13942031,188788,9500,1419227,179654,0,0,0,5958575,31140,1618057,10969446,3881,10282737,2143651,SA013_Standard-500nm,SA013,True,500.0
/data/big/LSARP/LSARP-metabolomics/2020_04_29RG_SA013/2020_04_29RG_HILICNeg15S_Col002_LSARP_SA013_Standard-1000nm.mzXML,437187,11285801,26631132,108449,2142,243926,1792720,13675,49673,79557,5958591,15178,34356,39664,13875,0,4994,450601,0,3154817,0,4124864,523413,0,102223,54132,1661205,650675,16637477,11221,0,7890040,4051773,50908,12854673,25722,25842,101050,21551440,3679,4892366,371304,8104234,3854747,7882263,21417246,9531648,17642442,1937902,0,0,353416,11944026,35744,0,13428090,66652,9767,7913716,26258850,437046,43586,3068321,358034,0,0,11661,7690846,14550,3458357,18992579,7163,17814562,4318637,SA013_Standard-1000nm,SA013,True,1000.0
/data/big/LSARP/LSARP-metabolomics/2020_04_29RG_SA013/2020_04_29RG_HILICNeg15S_Col002_LSARP_SA013_Standard-5000nm.mzXML,2136847,52467617,110809018,539175,28960,320432,9193746,61382,193901,162275,21774428,45236,175577,88768,97526,0,30781,2300193,17238,15099315,3483,20569729,2762711,11978,299733,296920,8018996,3494544,57867361,36545,0,30780418,18291146,67507,54885938,4253,57832,501028,88326644,53482,25046516,2011426,41826519,19319454,36550379,83851666,23520323,65960568,9780091,3147,0,1819730,55999921,161059,0,30859204,468681,82737,33696634,101236360,2483265,230133,12111928,1877605,0,0,8928,15840966,7623,16020245,26968369,24007,66897211,17133621,SA013_Standard-5000nm,SA013,True,5000.0
/data/big/LSARP/LSARP-metabolomics/2020_04_29RG_SA013/2020_04_29RG_HILICNeg15S_Col002_LSARP_SA013_Standard-10000nm.mzXML,3488684,105876561,182276230,965368,84522,300382,18317032,129545,408039,239322,34661199,71792,404209,181432,223215,4651,53586,4160996,27271,28948738,0,37223496,5250221,32370,595449,642705,14829174,6208247,103276498,54003,0,59045467,32195668,145242,99280845,57799,100486,1234216,153380672,109989,55181814,4063528,81117681,37161970,65854589,153330765,22974152,114752151,18574728,14566,0,4142089,104556980,232096,3742,20428007,821843,189053,57728934,179620934,4704570,492227,20324470,3326457,7333,0,8457,24940133,0,29615609,20621421,56430,112241859,26880738,SA013_Standard-10000nm,SA013,True,10000.0
/data/big/LSARP/LSARP-metabolomics/2020_04_29RG_SA013/2020_04_29RG_HILICNeg15S_Col002_LSARP_SA013_Standard-50000nm.mzXML,7614417,464837416,577692862,3075655,731173,256441,83023270,1057322,2384464,1304422,38652761,96154,2224987,875328,1356176,0,453770,19895563,247388,121923367,0,136911043,22377026,498817,2780450,3536470,43077501,27797470,300397538,141559,0,173755049,111575080,498292,347816757,254510,0,6875184,431147010,160515,307664287,17950761,384234700,176106218,263978750,527093057,66776,380769157,62524149,226971,15516,18945195,388680188,748435,49707,262934,2581221,1241861,205196421,565628131,21809785,3018534,54759432,12152966,97884,0,0,68427193,0,98705040,3350077,340886,108917173,50932135,SA013_Standard-50000nm,SA013,True,50000.0
/data/big/LSARP/LSARP-metabolomics/2020_05_01RG_SA014/2020_05_01RG_HILICNeg15S_Col002_LSARP_SA014_Standard-10nm.mzXML,1224,49424,259045,0,0,252635,5004,0,13456,175510,14281,0,0,41125,0,0,0,0,0,7953,0,39621,0,0,152005,0,3657,3517,138729,2034,0,455373,24179,49265,236425,36408,4289,0,98621,0,23357,0,23696,12240,353418,224605,22291,143690,0,0,0,4299,35011,20038,0,10475,1573,4504,139330,1849981,0,3398,2794,1305,0,0,0,5369357,0,2896,343640,21514,4767978,39414,SA014_Standard-10nm,SA014,True,10.0
/data/big/LSARP/LSARP-metabolomics/2020_05_01RG_SA014/2020_05_01RG_HILICNeg15S_Col002_LSARP_SA014_Standard-50nm.mzXML,13420,464497,1199908,0,0,262923,24438,0,3947,104714,267541,0,0,22851,0,0,0,0,0,93334,0,163796,3238,0,100557,0,61609,16584,769808,2354,0,703684,198432,10958,625291,41817,0,2390,910956,0,195515,4274,345408,125970,748357,995108,415006,826576,26366,0,0,3300,440901,3573,0,401976,0,0,496907,2726598,13973,0,123540,11418,0,0,0,5415698,3902,85578,1360028,15062,5120873,178902,SA014_Standard-50nm,SA014,True,50.0
/data/big/LSARP/LSARP-metabolomics/2020_05_01RG_SA014/2020_05_01RG_HILICNeg15S_Col002_LSARP_SA014_Standard-100nm.mzXML,41079,951812,2539952,0,0,242598,108640,0,0,73375,584762,0,0,40509,0,0,0,25557,0,210151,0,381206,12186,0,89671,0,140754,71538,1591576,0,0,1143619,357165,29656,1212049,9136,3829,3935,1861870,0,432427,17541,652960,357662,951250,2232571,956468,1735442,96795,0,0,22049,1017020,0,3771,1169738,0,2558,791272,4103531,27435,6415,258683,28402,0,0,0,5610059,5871,183476,2733185,3512,5612065,411826,SA014_Standard-100nm,SA014,True,100.0
/data/big/LSARP/LSARP-metabolomics/2020_05_01RG_SA014/2020_05_01RG_HILICNeg15S_Col002_LSARP_SA014_Standard-500nm.mzXML,161209,5564902,13052031,43525,0,244286,784877,2845,19172,71161,2650972,6230,10670,39897,0,0,0,204787,0,1464261,4765,2204005,225850,0,82054,23634,797633,277812,8383061,4036,0,4257524,1979758,45533,5982340,27842,5002,25531,10357175,0,2298615,180904,3649202,1765777,4090825,10729189,5609993,8791121,914939,0,0,152000,5798797,12208,0,7347147,9338,7471,3744368,13100115,222821,27548,1397306,166477,0,5072,3430,6466688,0,1634303,12513202,8020,11470876,2148249,SA014_Standard-500nm,SA014,True,500.0
/data/big/LSARP/LSARP-metabolomics/2020_05_01RG_SA014/2020_05_01RG_HILICNeg15S_Col002_LSARP_SA014_Standard-1000nm.mzXML,385860,11159847,25586912,89465,5236,255219,1660554,8737,46832,67070,5868430,9415,36765,26537,5261,2778,0,399176,0,2947935,16599,4241135,453885,0,74582,54806,1635145,716019,14405920,7062,0,7952765,3870870,37635,11591724,19783,18052,71794,19989623,0,4676969,347547,7402884,3558042,7799080,19816881,10784805,16322209,1934136,0,0,334244,11691324,28531,4028,14716511,65637,9746,7711318,22829277,393453,48207,2659851,338346,0,9443,0,7833783,8355,3140742,23290253,0,17906271,4149600,SA014_Standard-1000nm,SA014,True,1000.0
/data/big/LSARP/LSARP-metabolomics/2020_05_01RG_SA014/2020_05_01RG_HILICNeg15S_Col002_LSARP_SA014_Standard-5000nm.mzXML,2302893,53485587,104742435,578990,38283,286715,9270760,66996,205502,147074,25004719,73329,181676,123331,92282,0,26988,2080556,4408,13968722,149971,20758201,2764213,23996,288728,295890,7552496,3491301,59248680,53697,0,31751712,18322631,59264,54013959,20375,94460,451754,90879410,68717,24665060,2017717,41891692,18927683,36396596,88558843,46856142,65427882,9823015,1802,0,1649235,58279951,138998,0,71590896,492094,92952,33492414,94108252,2409824,239995,12146180,1823495,0,69612,20609,17265122,8286,15982980,85057851,15483,67404563,19813292,SA014_Standard-5000nm,SA014,True,5000.0
/data/big/LSARP/LSARP-metabolomics/2020_05_01RG_SA014/2020_05_01RG_HILICNeg15S_Col002_LSARP_SA014_Standard-10000nm.mzXML,4041657,109493413,182629018,1027819,100507,500485,19376705,127383,405093,244765,45390008,166952,403123,201733,201118,0,66383,4505216,46632,26775512,306500,39563877,5415135,43482,552531,562051,14795052,6710505,107587353,116271,0,60965854,34177280,129437,97231566,34159,164209,980964,162609766,91553,54103695,4075433,82244810,38005587,69094915,160018806,84294215,116122647,18901330,9482,0,3740302,109452814,210147,0,138130730,811438,186429,60474813,162432852,5262800,445250,20438830,3518433,12957,138583,74179,25620964,3586,31534016,142011549,52833,125661770,36602855,SA014_Standard-10000nm,SA014,True,10000.0
/data/big/LSARP/LSARP-metabolomics/2020_05_01RG_SA014/2020_05_01RG_HILICNeg15S_Col002_LSARP_SA014_Standard-50000nm.mzXML,13784068,467807598,577626668,2787029,779605,1191375,84342039,1077219,2201500,1247086,118341370,1753015,2160325,941891,1529751,0,571110,21263574,225652,123717962,1551671,162156130,24772649,553715,2805156,3408491,60668460,31135144,333044236,1090353,0,166922593,110839113,589824,354012236,270167,1081393,5496543,481579037,229276,329277528,21056742,389871658,188376439,261418551,592762937,268778878,388785355,67942205,246838,9886,18081126,401947991,788073,60889,545581113,2929327,1206940,174370436,559975928,24584305,2633376,63998583,13222780,80236,878711,360880,79017728,0,102953205,351220888,340841,452984436,119687528,SA014_Standard-50000nm,SA014,True,50000.0
/data/big/LSARP/LSARP-metabolomics/2020_05_03RG_SA015/2020_05_03RG_HILICNeg15S_Col002_LSARP_SA015_Standard-10nm.mzXML,2683,51840,276949,0,0,216949,3881,0,5832,164392,34074,0,0,95961,0,0,0,2804,0,15155,0,42089,3097,0,133557,0,2871,0,144426,0,0,571733,18420,25891,234921,39026,0,0,82791,0,21164,0,42722,14470,394654,227204,22587,148359,6259,0,0,0,17860,14815,0,6422,0,1786,117549,1730587,0,5877,6942,0,0,0,0,5667543,6155,3297,346812,3597,6386302,17243,SA015_Standard-10nm,SA015,True,10.0
/data/big/LSARP/LSARP-metabolomics/2020_05_03RG_SA015/2020_05_03RG_HILICNeg15S_Col002_LSARP_SA015_Standard-50nm.mzXML,16214,427768,1191264,0,0,276817,29856,2229,6716,100617,236985,0,3891,87011,0,0,0,7196,0,96986,0,158581,0,0,95426,0,73324,16709,764133,0,0,852366,194045,22926,593238,34180,0,0,875272,3349,164204,4487,330267,137893,674114,972910,398998,825870,41158,0,0,7479,444337,7675,3091,411921,0,0,458161,2623372,6619,9751,139002,1909,0,0,0,5900934,14524,52661,1338181,0,6882151,180534,SA015_Standard-50nm,SA015,True,50.0
/data/big/LSARP/LSARP-metabolomics/2020_05_03RG_SA015/2020_05_03RG_HILICNeg15S_Col002_LSARP_SA015_Standard-100nm.mzXML,30581,900494,2500548,0,0,175723,101991,0,3449,62867,476921,0,2357,63864,0,0,0,25942,0,257954,0,325537,0,0,78766,0,132633,44149,1481420,0,0,1137519,335767,38418,1117630,18088,5452,0,1700687,0,406792,17215,667470,302247,991190,2096195,880643,1712782,103820,0,0,41458,985674,8145,0,1085368,1652,0,708846,4017633,16806,2950,276909,24507,0,0,0,6109325,33886,194803,2491267,12161,7412415,418078,SA015_Standard-100nm,SA015,True,100.0
/data/big/LSARP/LSARP-metabolomics/2020_05_03RG_SA015/2020_05_03RG_HILICNeg15S_Col002_LSARP_SA015_Standard-500nm.mzXML,192260,5071303,13215622,47237,1957,215812,736237,3389,16170,60745,2735713,5493,7680,37847,0,0,0,207286,0,1473356,8302,1905658,213274,0,82727,21090,787682,320439,8226699,8083,0,3979026,1847059,29119,5470678,5929,4467,39471,10179079,0,2198343,156802,3634715,1721342,3899494,10585828,5324069,8870759,854361,0,0,155165,5711710,4670,0,6886514,16061,13630,3725878,13433026,175770,26187,1447092,160480,2899,0,0,7301434,27061,1516829,11726525,3655,13013991,2099305,SA015_Standard-500nm,SA015,True,500.0
/data/big/LSARP/LSARP-metabolomics/2020_05_03RG_SA015/2020_05_03RG_HILICNeg15S_Col002_LSARP_SA015_Standard-1000nm.mzXML,364458,10804327,25988722,113746,0,240837,1588839,10364,55363,52672,5759346,17644,41639,53587,9992,0,2326,449366,0,2807990,0,4174585,503810,0,98729,40305,1608964,654257,15713129,9704,0,7801813,3794868,33971,11124570,10359,11697,86015,20478368,3898,4449590,362772,7768534,3529856,7650470,19804562,10274248,16785789,1865370,0,0,334069,11274645,25350,3193,13800982,79440,10987,7503814,23725222,474928,32339,2664812,353855,0,0,5490,8006551,32254,3150078,21843097,8333,19545721,4170770,SA015_Standard-1000nm,SA015,True,1000.0
/data/big/LSARP/LSARP-metabolomics/2020_05_03RG_SA015/2020_05_03RG_HILICNeg15S_Col002_LSARP_SA015_Standard-5000nm.mzXML,2179126,52610682,111020754,539834,55254,274824,8905042,59790,200912,147799,22097781,58871,197085,135205,98613,0,22727,2301441,18999,15320682,36447,19569100,2682116,17735,255993,278302,8094189,3552165,58242041,56258,0,30275113,17695679,64338,50133995,15844,56383,440334,88371737,71791,26411396,1871996,40143910,19546300,36369357,86596254,34293832,67126682,9484613,1881,0,1706743,54434821,142391,0,51080049,439224,88968,31126850,98622052,2227068,196551,12081099,1909074,3553,0,14202,16678704,7840,14817476,59207556,15179,65866492,17599405,SA015_Standard-5000nm,SA015,True,5000.0
/data/big/LSARP/LSARP-metabolomics/2020_05_03RG_SA015/2020_05_03RG_HILICNeg15S_Col002_LSARP_SA015_Standard-10000nm.mzXML,3817047,104275242,191377678,941713,89936,278753,18044870,142735,434406,266040,39307851,118291,385718,247432,200623,0,65361,4554147,26451,28343056,110072,35924930,5515674,61683,532964,642025,14705279,6831179,103758375,85638,0,53615534,32153507,120347,91436499,20368,149384,1059445,158266665,117542,54684887,4111929,81037219,38829652,65958179,154658337,46674451,120335750,18673323,22025,0,3641828,106330933,138330,3181,72548256,784486,190556,59397687,176029178,4792245,454406,20068470,3525659,16861,0,66487,26119321,11182,28602318,87956568,50003,119563161,30706504,SA015_Standard-10000nm,SA015,True,10000.0
/data/big/LSARP/LSARP-metabolomics/2020_05_03RG_SA015/2020_05_03RG_HILICNeg15S_Col002_LSARP_SA015_Standard-50000nm.mzXML,11260952,448739623,549491443,2772569,792711,256398,75733229,1107419,2567126,1333776,86005937,734667,2345585,949514,1564407,0,598956,20501966,321470,119922113,295527,137920542,24070239,565118,2909788,3808040,56766009,29377122,300360037,619329,0,154697133,111258534,560974,322029093,224927,343124,6393858,446898300,170116,309383195,18318130,392482860,176408576,251395453,523586989,50633961,401660386,63743388,274371,11069,20279391,381507373,784816,63477,114329869,2630202,1330773,165673717,584010741,24758597,2683000,59662468,12839027,67941,0,238298,72675014,17375,94730019,192210270,402737,402260524,90834713,SA015_Standard-50000nm,SA015,True,50000.0
/data/big/LSARP/LSARP-metabolomics/2020_05_04RG_SA016/2020_05_04RG_HILICNeg15S_Col002_LSARP_SA016_Standard-10nm.mzXML,9850,89294,264571,0,0,209582,4233,1796,9137,173164,33913,0,0,0,0,0,0,1988,0,8960,0,59844,0,0,139026,1646,7500,4249,236023,0,0,696715,21580,87880,418745,75951,81508,0,208209,0,25501,2992,59451,20093,563939,278114,110242,252317,34951,0,0,0,37405,90706,29018,5976,0,0,182342,3342570,0,37350,5647,0,0,0,0,2826160,0,5935,339030,24876,2417206,7628,SA016_Standard-10nm,SA016,True,10.0
/data/big/LSARP/LSARP-metabolomics/2020_05_04RG_SA016/2020_05_04RG_HILICNeg15S_Col002_LSARP_SA016_Standard-50nm.mzXML,26090,592316,1288664,0,0,221763,58787,1346,6375,120664,318942,0,0,0,0,0,0,12717,0,115181,2686,259793,0,0,94018,0,66774,35267,1234762,4113,0,1081753,208000,72502,1192703,58684,55849,1630,1427053,0,233427,3735,439342,189487,919923,1584301,802865,1418811,84992,0,0,5189,753864,72313,23610,393323,3327,0,572118,5058341,10223,30251,182704,4725,0,0,0,3117846,0,171101,1548035,18437,3169466,233395,SA016_Standard-50nm,SA016,True,50.0
/data/big/LSARP/LSARP-metabolomics/2020_05_04RG_SA016/2020_05_04RG_HILICNeg15S_Col002_LSARP_SA016_Standard-100nm.mzXML,42028,1178417,2623066,0,0,263607,108179,2928,10630,93440,681159,0,0,0,0,0,0,29991,0,240277,0,436086,19215,0,86075,0,131575,56700,2447746,0,0,1474543,421768,55156,2036376,19046,34500,4364,2902786,0,526210,25117,902328,435445,1258316,3143757,1566109,2697940,220392,0,0,18629,1480992,47647,6615,922533,1696,0,956815,6895743,18697,28989,375657,17605,0,0,4191,3106988,16641,431272,2701361,0,3926365,459347,SA016_Standard-100nm,SA016,True,100.0
/data/big/LSARP/LSARP-metabolomics/2020_05_04RG_SA016/2020_05_04RG_HILICNeg15S_Col002_LSARP_SA016_Standard-500nm.mzXML,210379,6664890,13800222,47862,0,286606,841996,0,28865,71585,3440961,2417,11673,0,0,0,0,193788,0,1493016,12024,2172498,215120,0,85246,29157,831127,372657,12125123,1549,0,4807313,2400618,57257,9436634,54114,29651,40871,15711640,0,2887632,155010,4993985,2300801,4982193,15000450,8545819,13206891,1195905,0,0,181113,7607174,52828,17481,5774090,31253,5646,4567610,21687403,216333,55072,1872458,187981,0,0,0,4622955,39205,2366670,13545230,3532,11006805,2544240,SA016_Standard-500nm,SA016,True,500.0
/data/big/LSARP/LSARP-metabolomics/2020_05_04RG_SA016/2020_05_04RG_HILICNeg15S_Col002_LSARP_SA016_Standard-1000nm.mzXML,440914,12790099,25615972,96786,0,215809,1725348,9742,37211,57166,6577031,10630,30317,3620,11607,5787,2591,383393,0,2940357,27564,4545611,562857,0,104535,46825,1655453,782019,22957810,5897,0,8522653,4524252,39917,18119824,49716,57557,81067,31133578,0,5573755,335190,9908401,4821125,9338491,27973806,16486618,24432114,2464091,0,0,347458,15020906,66673,13861,12158477,120031,6273,9020111,37328708,485433,68400,3646268,370564,0,4132,4476,6217739,13768,4566901,25604286,3714,19092026,4870677,SA016_Standard-1000nm,SA016,True,1000.0
/data/big/LSARP/LSARP-metabolomics/2020_05_04RG_SA016/2020_05_04RG_HILICNeg15S_Col002_LSARP_SA016_Standard-5000nm.mzXML,2658567,65592956,114139680,594439,40321,274865,9870855,50058,173944,126841,30147140,50417,163897,87772,72901,0,24155,2248008,4817,15816987,230457,21956238,3007117,11182,281518,253558,8403885,4036526,89141352,32677,0,36529810,20661505,82706,84348549,40900,121537,437099,136024227,49934,30946500,1880910,50257075,24419525,43625312,114789970,70926546,95572678,12785096,0,0,2070771,75701378,156324,17733,70062885,584237,76267,40895736,147458759,3061809,251854,14962072,2005859,2525,105636,20310,16765031,9682,22212757,102190440,3462,81729351,22745867,SA016_Standard-5000nm,SA016,True,5000.0
/data/big/LSARP/LSARP-metabolomics/2020_05_04RG_SA016/2020_05_04RG_HILICNeg15S_Col002_LSARP_SA016_Standard-10000nm.mzXML,4499528,133001480,198982842,1127110,80787,387957,21137914,106888,384786,200577,53449191,120209,343774,146617,177820,0,46206,4685251,20395,31314747,368420,42707544,6062078,43580,504378,580932,17148116,8062712,151294641,78071,0,64011935,40870945,100244,151086884,6455,230194,907715,244158413,113325,63118961,3808147,106027321,49059855,82772770,213042827,126338255,170217246,24866431,5681,0,4250515,147828598,190384,17511,136400030,1201087,188287,74862919,256438475,5821292,456336,26415085,3611816,7128,150584,77802,28148471,14321,43554768,175601768,32050,152258361,43323417,SA016_Standard-10000nm,SA016,True,10000.0
/data/big/LSARP/LSARP-metabolomics/2020_05_04RG_SA016/2020_05_04RG_HILICNeg15S_Col002_LSARP_SA016_Standard-50000nm.mzXML,16650907,671363583,610578777,3534140,614923,956140,93687820,823461,2087519,997044,142300938,1059476,1998299,866790,1331628,0,415238,22639540,182618,150724226,2074563,163644467,27593498,397065,2492083,3213404,72717936,38560015,497562666,661608,0,190388071,136343545,503320,540119493,122421,1025460,4775627,731140504,138509,380722800,19852532,533926902,224192543,315350622,796096149,404859510,558505992,82712511,160053,6013,22767973,548003591,811409,76531,564319958,3961227,1077273,217124805,898114711,28757702,2825674,81443121,14816537,56825,614540,364636,97878065,14020,138596965,451419477,243585,573973608,149167248,SA016_Standard-50000nm,SA016,True,50000.0
