ms_file,3-Methyl adenine,Acetyl-Threonine,Adenine,Adenosine,Adenosine monophosphate,Agmatine,Alanine,Arginine,Asparagine,Aspartate,Betaine,Biotin,Carnosine,Choline,Citrulline,Creatinine,Cysteic Acid,Cysteine,Cystine,Cytidine,Cytosine,D-Lactose,Folate,Gamma-Amino butyrate,Glutamate,Glutamine,Glycine,Guanidine,Guanine,Guanosine,Hippurate,Histidine,Homo Cysteine,Hypoxanthine,Inosine,Isoleucine,Leucine,Lysine,Methionine,Methionine Sulfoxide,N-Acetyl-Aspartate,N-Acetyl-Glucosamine,N-Acetyl-Glutamate,N-Acetyl-Glutamine,N-Acetyl-Glycine,N-Acetyl-Leucine,N-Acetyl-Methionine,N-Acetyl-Phenylalanine,Nicotinamide,Nicotinate,Ornithine,Panthothenic acid,Phenylalanine,Proline,Pyridoxine,Riboflavin,Serine,Taurine,Threonine,Thymidine,Thymine,Tryptophan,Tyramine,Tyrosine,Uracil,Uric Acid,Uridine,Urocanate,Valine,Xanthine,Xanthosine,Sample,plate,stdr,conc
/data/big/LSARP/LSARP-metabolomics/2020_05_11RG_SA001_RPT001/2020_05_11RG_HILICPos15S_Col001_LSARP_SA001_RPT001_Standard-10nm.mzXML,11407925,147171,1226770,343178,0,243426,449025,0,4442,61292,195134327,315290,0,31617304,0,2402279,0,0,0,41428,573041,0,0,475746,91332,0,0,555441,24305,0,0,3885,0,385271,9301,5311373,5790084,129816,654275,64775,0,0,0,0,0,5925,3744,3859,1822031,311015,0,153485,2119542,7475933,1888030,32115,0,0,9255,0,0,14553,239966,24667,0,0,0,1249212,189233112,0,10646,SA001_RPT001_Standard-10nm,SA001,True,10.0
/data/big/LSARP/LSARP-metabolomics/2020_05_11RG_SA001_RPT001/2020_05_11RG_HILICPos15S_Col001_LSARP_SA001_RPT001_Standard-50nm.mzXML,66155971,186193,7639688,1255098,0,379258,305084,4270,0,7654,220621986,1797403,0,122828680,6136,14761705,0,6810,0,75917,1849381,0,0,542215,78264,0,0,497033,144161,36714,0,0,0,2502468,190652,4478233,4248642,70459,451596,79017,0,0,0,145816,0,49387,0,25465,12801820,1935221,0,1436870,1832760,6808714,13055415,418233,5918,0,15905,0,8587,7639,1116907,25607,2191,0,0,7313393,214678364,0,185326,SA001_RPT001_Standard-50nm,SA001,True,50.0
/data/big/LSARP/LSARP-metabolomics/2020_05_11RG_SA001_RPT001/2020_05_11RG_HILICPos15S_Col001_LSARP_SA001_RPT001_Standard-100nm.mzXML,133339636,258657,16722290,3127585,0,611761,311470,0,8151,10411,245468573,4049135,0,239955941,0,31598338,0,6388,0,212497,3900952,0,0,709350,61994,0,5315,88308,293171,77493,2999,0,0,5899799,409985,4177616,3785395,76782,494583,111155,0,18633,16619,335520,4588,131605,18017,114335,29735425,4785379,0,3474300,1657832,6128820,31689541,904681,7199,20168,34183,8985,32242,72499,2719129,23910,0,0,0,16740309,240077799,18182,482925,SA001_RPT001_Standard-100nm,SA001,True,100.0
/data/big/LSARP/LSARP-metabolomics/2020_05_11RG_SA001_RPT001/2020_05_11RG_HILICPos15S_Col001_LSARP_SA001_RPT001_Standard-500nm.mzXML,657172161,491811,91263092,22883752,0,3106709,276008,13606,0,3079,488141865,30799406,3508,1161753386,6012,157076317,0,0,0,1230768,22971841,0,0,2130963,67937,32711,6018,65586,2154480,731952,122746,0,0,35302379,2498656,5477300,4794811,63451,699866,297784,0,122234,194587,2212396,51932,996230,338770,1049578,158034441,34456570,2833,24921996,2928389,9332522,231233507,5027338,5683,249677,47579,137606,221503,553442,18175874,116658,3251,0,14654,87257847,482560164,226501,2600836,SA001_RPT001_Standard-500nm,SA001,True,500.0
/data/big/LSARP/LSARP-metabolomics/2020_05_11RG_SA001_RPT001/2020_05_11RG_HILICPos15S_Col001_LSARP_SA001_RPT001_Standard-1000nm.mzXML,1189659366,849122,170619946,51944559,0,6324124,275238,31788,39046,7651,765129402,68022162,237980,2177131568,31523,296598753,0,8128,0,2732863,46673244,0,0,4407716,79668,54143,5594,311568,5095703,1340600,342314,8221,0,67392672,6080303,8530614,7121820,64058,1055137,523466,0,285982,425579,4823773,139253,2462412,812798,2278409,306953863,71152659,0,61610162,5259151,13378295,463481747,10610060,8144,580811,106451,262971,336551,903077,35378561,338910,6937,0,4658,165686400,759180016,560658,5521365,SA001_RPT001_Standard-1000nm,SA001,True,1000.0
/data/big/LSARP/LSARP-metabolomics/2020_05_11RG_SA001_RPT001/2020_05_11RG_HILICPos15S_Col001_LSARP_SA001_RPT001_Standard-5000nm.mzXML,4266449269,4301669,659131376,268720040,30970,31201151,477692,114147,273789,16125,2570452950,393688135,317353,10049068239,324244,1147267968,5684,0,21738,21800662,260110960,0,78001,27609530,263576,442586,14196,10455,30572888,9257601,3570465,72668,0,267991200,39426006,35409799,27300147,120383,4673201,2950303,171244,1606524,2155314,34117329,1137292,22863883,7352987,27583552,1339144413,371385883,17431,430649046,27729108,51988255,2052026164,63434964,42736,3910337,569202,1714475,3559263,4793961,127351134,1367379,223776,0,158757,614324794,2564777881,3308759,36061143,SA001_RPT001_Standard-5000nm,SA001,True,5000.0
/data/big/LSARP/LSARP-metabolomics/2020_05_11RG_SA001_RPT001/2020_05_11RG_HILICPos15S_Col001_LSARP_SA001_RPT001_Standard-10000nm.mzXML,6341890343,9287699,946710142,470466512,81376,63823039,887021,280148,446685,37184,4251839959,735066886,238397,17599455789,700865,1763216096,32847,0,71534,49504551,480928622,33128,156199,51922847,565966,1007765,30813,34357,58955162,19750652,10952189,154084,0,450370559,78588715,74203032,53314500,239029,10728073,7346751,339679,3192761,4599567,74409757,2444137,50081561,18237726,66521034,2360745796,709086888,57402,875993301,54416401,97503679,3520468000,128463441,130209,9258260,1130299,4436373,10862765,8811890,180694902,3001207,552012,0,484122,989070567,4246630133,7168584,69142538,SA001_RPT001_Standard-10000nm,SA001,True,10000.0
/data/big/LSARP/LSARP-metabolomics/2020_05_11RG_SA001_RPT001/2020_05_11RG_HILICPos15S_Col001_LSARP_SA001_RPT001_Standard-50000nm.mzXML,11976311103,43755628,1821821171,1551569573,931681,315645037,3902935,3537895,3157466,305675,10403590158,2544702084,2564152,46337232440,5052426,4062094714,192303,0,660440,173757864,1357842197,513781,657108,221717078,3215966,6625570,159294,700289,207598801,104840042,96718343,1603728,0,1263584438,287317315,328787175,255574813,2024491,55549433,43852150,2005739,16122175,18988779,305307360,15559459,215790798,99644194,415731306,6878804585,2710631000,671919,3665726146,246627015,418657042,9537379318,607451113,968802,46862997,6939941,37540406,69035326,50210562,363236516,15187093,3084737,0,4311870,2839711816,10399598011,44955027,254538980,SA001_RPT001_Standard-50000nm,SA001,True,50000.0
/data/big/LSARP/LSARP-metabolomics/2020_05_13RG_SA002_RPT001/2020_05_13RG_HILICPos15S_Col001_LSARP_SA002_RPT001_Standard-10nm.mzXML,11161877,323421,1216803,373034,0,209522,551074,3746,0,77113,161951378,372285,0,29526829,0,2277317,0,0,0,50965,671456,0,0,538258,134787,0,32436,272940,0,0,0,12674,0,436260,31518,6599610,6757884,133727,755840,53145,0,0,0,15103,0,5620,0,0,1989938,384503,4645,244341,2620237,9102664,1749760,17510,0,0,35922,0,0,5987,235157,44680,0,0,0,1063637,156986318,0,13716,SA002_RPT001_Standard-10nm,SA002,True,10.0
/data/big/LSARP/LSARP-metabolomics/2020_05_13RG_SA002_RPT001/2020_05_13RG_HILICPos15S_Col001_LSARP_SA002_RPT001_Standard-50nm.mzXML,65538476,369983,7291662,1321233,0,444448,539280,0,8556,15962,195396405,1726642,0,116373594,0,14908699,0,0,0,61240,1968883,0,11569,583254,98771,4592,9173,59045,170385,28204,0,2707,0,2697347,218091,4690819,4817463,88745,578253,62164,0,6514,5790,113091,4112,48287,2877,26332,12898143,2140243,0,1495168,1768186,7703239,12092225,176303,0,10746,16397,0,9176,6981,1109343,49140,0,0,0,6715284,189828669,0,210250,SA002_RPT001_Standard-50nm,SA002,True,50.0
/data/big/LSARP/LSARP-metabolomics/2020_05_13RG_SA002_RPT001/2020_05_13RG_HILICPos15S_Col001_LSARP_SA002_RPT001_Standard-100nm.mzXML,122928441,383064,15360974,2983881,0,640436,434430,0,4605,20552,216749909,4347009,0,211862129,4017,28402970,0,0,0,256842,3876447,0,0,744629,81557,0,16133,135447,289539,164893,12346,0,0,5768033,494224,4967947,4160668,80690,568824,95200,0,6319,15733,415583,0,132688,16656,166114,28521936,4801305,0,3619123,1973494,7476729,27665974,407821,0,44891,0,10078,31583,62014,2529190,47657,0,0,0,14627334,211664884,20180,474485,SA002_RPT001_Standard-100nm,SA002,True,100.0
/data/big/LSARP/LSARP-metabolomics/2020_05_13RG_SA002_RPT001/2020_05_13RG_HILICPos15S_Col001_LSARP_SA002_RPT001_Standard-500nm.mzXML,560687409,607157,80416241,22072155,0,2503595,448562,17613,7536,10668,426469094,29544157,0,965869696,14859,135402112,0,0,0,1354644,21212686,0,0,2016568,73383,53507,14889,441151,2321923,810081,156698,3634,0,32164185,2623491,7061885,5946013,75575,901368,285919,0,145304,198683,2227594,38813,920855,307781,957453,140738007,32714896,0,24429910,3502283,10652120,188998687,1692653,0,335777,77458,117736,207349,424430,15553088,188301,5290,0,0,71597066,421099334,315334,2802892,SA002_RPT001_Standard-500nm,SA002,True,500.0
/data/big/LSARP/LSARP-metabolomics/2020_05_13RG_SA002_RPT001/2020_05_13RG_HILICPos15S_Col001_LSARP_SA002_RPT001_Standard-1000nm.mzXML,975994444,1006331,145865714,49948327,4359,5428179,428412,37318,86717,17089,657830655,63153618,9703,1805588489,40996,241973958,0,0,0,3231602,43788976,0,0,4322467,103523,56025,11396,381257,5100093,1947069,469422,15714,0,62448444,6545932,10296814,7848484,69682,1242457,540514,8401,331462,488220,5170727,149752,2257835,696258,2138335,275560977,68084277,3676,60444976,6519214,15271262,341299859,3161320,17385,922868,151079,219550,444447,517602,21832411,333594,7844,0,3843,122982488,652661676,640807,6521325,SA002_RPT001_Standard-1000nm,SA002,True,1000.0
/data/big/LSARP/LSARP-metabolomics/2020_05_13RG_SA002_RPT001/2020_05_13RG_HILICPos15S_Col001_LSARP_SA002_RPT001_Standard-5000nm.mzXML,3262369305,6022658,531248090,258242892,56783,28971888,676782,119714,282645,41832,2104951149,322487664,77170,7967213913,335169,873575210,6355,0,30371,24928441,228178629,90352,12008,24226684,328578,440314,35605,12378,30054234,12074917,5411133,75212,0,259214361,44339081,39121181,28013945,131748,4104908,3528683,148338,2227568,2750660,38376673,1010157,18907817,3283424,23332223,1128974010,340842920,25993,388809882,29480716,49503109,789948532,17145053,86364,6118477,723147,1387623,21171974,7074,29046412,985707,379200,0,189959,211048078,2100415314,3400007,37626840,SA002_RPT001_Standard-5000nm,SA002,True,5000.0
/data/big/LSARP/LSARP-metabolomics/2020_05_13RG_SA002_RPT001/2020_05_13RG_HILICPos15S_Col001_LSARP_SA002_RPT001_Standard-10000nm.mzXML,4966028999,13194987,771901172,478428292,129231,61661517,868862,329280,523100,76134,3529071503,579769465,150497,14596571418,805795,1456818377,19458,0,96179,56225952,429442636,51956,0,45146176,647738,1037596,20372,695637,52882483,23869836,14644783,91688,0,453075711,86732199,70322905,52283129,280840,5102959,8579290,270280,4257331,5157772,74662854,2150456,43466232,4288590,62367475,1925944597,661997137,66929,797979536,56543346,92075017,643400367,37389882,140205,10464974,1280427,3454126,72120604,0,14103721,728783,1034817,0,387169,196748338,3524160223,7969587,67625689,SA002_RPT001_Standard-10000nm,SA002,True,10000.0
/data/big/LSARP/LSARP-metabolomics/2020_05_13RG_SA002_RPT001/2020_05_13RG_HILICPos15S_Col001_LSARP_SA002_RPT001_Standard-50000nm.mzXML,9928464334,55078420,1625332975,1580874694,995472,269918709,5094329,4172723,3772510,395461,8355109496,1138996577,289932,39531950050,5400955,3294469197,258845,0,719284,220363239,1328432430,431559,0,196996118,4149796,7551200,175062,286408,176088537,107803939,57822530,325354,0,1350581965,302176512,337352814,252091466,2249044,1413558,53333444,1674515,17860149,19644216,313722587,11816100,166987504,113116,318375103,4659812957,2342317966,698328,2994388949,254242512,379291016,11717612,260265431,1206684,52341535,7840155,17660853,309018420,0,623218,16578,4249207,0,2617291,140208296,8351341218,18100342,126094816,SA002_RPT001_Standard-50000nm,SA002,True,50000.0
/data/big/LSARP/LSARP-metabolomics/2020_05_06RG_SA005/2020_05_06RG_HILICPos15S_Col001_LSARP_SA005_Standard-10nm.mzXML,13705288,136674,1448554,421169,0,259032,601246,0,0,0,212395080,306685,0,31019502,0,3018315,0,0,0,0,732795,0,10440,565484,149995,0,9239,8416,20549,0,2826,0,0,379270,0,6975055,7428256,132676,669091,59935,0,0,0,0,0,7055,7689,3223,1530811,313988,9969,176845,1931000,8345359,2016687,31169,0,0,0,0,0,0,410117,40775,0,10326,0,1727742,206156548,0,0,SA005_Standard-10nm,SA005,True,10.0
/data/big/LSARP/LSARP-metabolomics/2020_05_06RG_SA005/2020_05_06RG_HILICPos15S_Col001_LSARP_SA005_Standard-50nm.mzXML,77998479,78457,8882528,1345990,0,454394,527686,0,14759,4596,234858796,1605288,0,148822693,0,18425371,0,0,4266,133446,2214047,0,0,641334,102520,0,7085,0,122070,18982,6132,0,0,2427071,174351,6006590,5766821,124583,531049,70518,0,0,0,91199,0,68893,0,34191,12743520,2028686,0,1439223,1733899,8092598,13827212,272385,0,9201,0,0,14171,18762,2274567,41986,0,0,0,9600700,228427908,0,144883,SA005_Standard-50nm,SA005,True,50.0
/data/big/LSARP/LSARP-metabolomics/2020_05_06RG_SA005/2020_05_06RG_HILICPos15S_Col001_LSARP_SA005_Standard-100nm.mzXML,158119868,172321,19948468,2979576,0,817896,355581,0,0,6396,264095439,3739649,0,290921811,0,37229541,0,0,0,284463,4381827,0,16880,726581,113855,0,0,62102,334105,60761,9130,5184,0,5763730,367813,5458979,5291405,69584,485177,106447,0,9449,13585,323018,0,156611,9056,132629,27203775,4292594,0,3081192,1805485,7974084,33542114,673642,0,21807,11974,6421,35905,62819,4879962,11719,2750,0,0,20251497,257711416,0,381066,SA005_Standard-100nm,SA005,True,100.0
/data/big/LSARP/LSARP-metabolomics/2020_05_06RG_SA005/2020_05_06RG_HILICPos15S_Col001_LSARP_SA005_Standard-500nm.mzXML,764029425,519047,105491337,22030922,0,3251382,446813,0,12090,4436,504963790,30219206,0,1423357553,9028,194252777,0,0,0,1406885,27776990,11228,0,1685365,82967,22463,0,57420,2425821,613216,205499,0,0,34703206,2497695,7723281,6583252,87610,792695,381247,0,52931,176932,2268804,39851,1031989,379885,1047751,140848707,31139927,0,22795369,3230569,10932605,268572670,3506521,4725,256792,73364,139999,339283,457668,32765719,89454,10830,0,4433,106640865,498458315,130826,2391472,SA005_Standard-500nm,SA005,True,500.0
/data/big/LSARP/LSARP-metabolomics/2020_05_06RG_SA005/2020_05_06RG_HILICPos15S_Col001_LSARP_SA005_Standard-1000nm.mzXML,1381683602,876451,205641276,51132956,0,6642322,387018,8768,17085,6426,780889135,64554673,17540,2723918239,53737,352697114,0,11668,0,2891220,56652814,0,0,2949044,58824,75890,0,179900,5193928,1409176,528812,8724,0,68864540,5672794,10457283,8782276,81242,1207600,699695,0,300258,448058,5176169,148615,2526252,927585,2486529,259939596,67974268,8801,57783983,5037627,15884995,534649622,7793940,0,541349,77753,216372,537310,889571,59137791,262253,29776,0,5213,198069463,774965689,350884,5136041,SA005_Standard-1000nm,SA005,True,1000.0
/data/big/LSARP/LSARP-metabolomics/2020_05_06RG_SA005/2020_05_06RG_HILICPos15S_Col001_LSARP_SA005_Standard-5000nm.mzXML,4443483370,4952002,758494023,242220660,38856,38823516,675443,168929,315391,16755,2502865614,381688661,88364,11992700876,340568,1259599150,0,0,24905,20563937,271946653,12448,10778,17809020,290771,413440,13655,0,31115885,8489406,5157238,91470,0,266332717,39362432,38782567,33006693,167660,5147565,3396728,170750,1736090,2857669,36273491,1372904,22658904,7598055,26619427,1129417047,369578687,21878,419283595,29079158,56876604,2095925160,48491099,36882,3470386,573909,1632219,6753197,2096582,160554476,1470034,436046,0,215962,569935538,2497222524,2526649,35068041,SA005_Standard-5000nm,SA005,True,5000.0
/data/big/LSARP/LSARP-metabolomics/2020_05_06RG_SA005/2020_05_06RG_HILICPos15S_Col001_LSARP_SA005_Standard-10000nm.mzXML,7136881531,10922281,1075648270,444441550,108104,83071961,959904,337571,595609,49261,4165353716,712717866,290130,20938864244,811872,1969971545,0,0,55817,41858094,456845495,20353,52812,36422220,605513,964768,35068,109498,55852232,19461444,13488514,188768,0,451063034,83189256,72607078,63274402,317836,10964724,8044539,412042,3679205,5775703,76979590,3120111,48984128,17627738,65021777,2127143045,704740043,77676,872019371,60411749,104172470,3363394030,108442216,144697,8459513,1294997,3947085,20399534,2993481,226273126,2786356,1021646,0,641124,879271765,4159497691,5513509,71272144,SA005_Standard-10000nm,SA005,True,10000.0
/data/big/LSARP/LSARP-metabolomics/2020_05_06RG_SA005/2020_05_06RG_HILICPos15S_Col001_LSARP_SA005_Standard-50000nm.mzXML,14257618469,42776866,2186832341,1334740686,918278,362623737,4646477,4240906,3572816,352807,10985762083,2427530034,2181911,54867646581,5507088,4671342580,136992,0,677289,191824973,1392292192,510280,501051,232213981,3832417,7769843,126556,4756395,225246028,109187502,83898340,1761614,0,1161251067,300955817,359933427,325891793,2163645,51290680,48477885,1947036,17069300,23481971,320645137,17318349,172962316,63805430,348982300,4932411341,2540338185,747003,3536428208,278033741,465322408,8254805371,535917359,982006,44627216,7774392,20365967,73076934,10360241,460169607,14731882,3609428,0,3902011,2089965077,10980206728,33248269,253412628,SA005_Standard-50000nm,SA005,True,50000.0
/data/big/LSARP/LSARP-metabolomics/2020_05_08RG_SA006_MetaRpt001/2020_05_07RG_HILICPos15S_Col001_LSARP_SA006_Standard-10nm.mzXML,10118239,232770,1164980,370627,0,263157,540790,0,11269,32190,156107370,302146,0,30487660,0,2367921,0,0,0,23885,807870,0,6724,607847,123932,5467,11359,35489,7550,0,0,0,0,381189,5271,5674562,5790467,130107,883298,70043,0,0,0,0,0,6043,0,2975,1765914,340572,3446,182747,2262269,9916458,1582361,39598,0,0,36503,0,0,0,315618,48884,2503,0,0,1355767,151440605,0,7668,SA006_Standard-10nm,SA006,True,10.0
/data/big/LSARP/LSARP-metabolomics/2020_05_08RG_SA006_MetaRpt001/2020_05_07RG_HILICPos15S_Col001_LSARP_SA006_Standard-50nm.mzXML,60663033,208536,7129185,1334379,0,442879,457672,0,4813,4328,177202216,1709486,0,119038532,0,14596057,0,0,0,99041,2097488,0,0,682609,113359,0,10545,68596,131500,52481,6968,0,0,2050187,173900,4253288,4081771,77401,616058,89818,0,0,0,104415,0,41431,0,28363,12627355,2032581,4203,1512314,1968665,8532457,11698320,394501,0,5224,24062,0,5189,57028,1953455,22907,0,0,0,7341557,172514155,0,180765,SA006_Standard-50nm,SA006,True,50.0
/data/big/LSARP/LSARP-metabolomics/2020_05_08RG_SA006_MetaRpt001/2020_05_07RG_HILICPos15S_Col001_LSARP_SA006_Standard-100nm.mzXML,137154740,282235,18003525,2735887,0,665437,377049,0,6092,16085,212538203,3758385,0,241679727,0,33426625,0,0,0,189511,4246253,0,0,706534,56803,0,13305,115532,318431,68565,6901,0,0,5517523,401391,3696501,3235638,82797,642825,116304,0,5676,5232,258320,0,134300,3303,121554,28135482,4411924,0,3111030,1647738,7269123,31593671,771287,0,6809,11100,0,30360,84302,4586898,18532,0,0,0,18169039,207974869,9740,412576,SA006_Standard-100nm,SA006,True,100.0
/data/big/LSARP/LSARP-metabolomics/2020_05_08RG_SA006_MetaRpt001/2020_05_07RG_HILICPos15S_Col001_LSARP_SA006_Standard-500nm.mzXML,620599145,523358,93281717,20984564,0,3218856,333165,4779,17516,13059,407904359,28983470,0,1146641980,27034,162514072,0,0,0,1168514,23169532,0,0,1459984,80376,12363,22012,162145,2035248,547630,129490,3950,0,32162390,2409203,5431380,4649910,76289,789144,256873,0,80357,166637,2029928,59150,975867,350872,903138,146175551,31835518,3565,22403529,2969511,9733503,223664557,4138748,0,233109,56232,109077,220547,533847,26260953,117855,0,0,0,95122997,403119993,143982,2255470,SA006_Standard-500nm,SA006,True,500.0
/data/big/LSARP/LSARP-metabolomics/2020_05_08RG_SA006_MetaRpt001/2020_05_07RG_HILICPos15S_Col001_LSARP_SA006_Standard-1000nm.mzXML,1106919677,803830,176383073,48123093,0,6035641,393437,21259,52240,3610,628266674,61775705,4969,2123948990,31618,280588795,0,0,0,2349269,46816109,0,6331,2507350,104038,53903,0,263627,4318347,1282688,404746,0,0,61048803,5377310,7855228,6481257,82211,1169920,478159,11452,263400,473533,4238773,134652,2637652,937580,2404616,289167678,70769311,8085,57357222,4664011,13847089,426249743,9274690,5979,409853,107172,294672,457102,888861,47710845,232744,16155,0,12490,174713907,623425328,417219,5010269,SA006_Standard-1000nm,SA006,True,1000.0
/data/big/LSARP/LSARP-metabolomics/2020_05_08RG_SA006_MetaRpt001/2020_05_07RG_HILICPos15S_Col001_LSARP_SA006_Standard-5000nm.mzXML,3858687269,4082879,652148475,234684733,21105,32592573,551672,145746,182020,17923,2118223121,352908703,93125,9408400036,279456,1032021500,0,0,21433,17819431,228875635,0,38390,15382795,251367,395501,16232,574612,23743561,7433993,3902867,53684,0,235371875,36977832,30285960,25075508,120399,4454783,2766584,81077,1662818,2392340,31166942,1120001,23219313,8101102,27133159,1281476493,354745606,27162,397158222,24156973,46336387,1806676665,52744496,61248,2855229,496125,1769743,4174328,3458994,153170583,1251756,244886,0,173935,566742010,2113697872,2722763,31891633,SA006_Standard-5000nm,SA006,True,5000.0
/data/big/LSARP/LSARP-metabolomics/2020_05_08RG_SA006_MetaRpt001/2020_05_07RG_HILICPos15S_Col001_LSARP_SA006_Standard-10000nm.mzXML,5704665208,7951901,912679827,417064500,90409,70879538,777427,265875,498616,41820,3408514323,676842995,253347,16808014866,679904,1577862167,14196,0,73007,37168197,382873351,12799,56518,34258665,476471,891086,0,219600,44937403,18714091,11777019,141791,0,390484826,76207713,63041888,49607737,289328,9365341,6330387,247443,2998543,4923483,64333642,2423708,49759447,20731891,66551440,2229825213,687155280,70412,824005401,50350941,83674470,3086509540,115064566,102072,7247944,1173801,4722093,12858244,7365939,203948675,2528813,567714,0,568304,885996070,3404059142,6080490,64827657,SA006_Standard-10000nm,SA006,True,10000.0
/data/big/LSARP/LSARP-metabolomics/2020_05_08RG_SA006_MetaRpt001/2020_05_07RG_HILICPos15S_Col001_LSARP_SA006_Standard-50000nm.mzXML,10996424398,36107004,1770702436,1346492586,752908,315198306,3966714,3586701,2982862,296373,8712221449,2258213239,2574535,42220936924,4776057,3597873402,172464,0,581382,159950134,1147639773,327882,542502,188390796,3574738,6016912,116275,0,184935359,94935886,90660968,1534650,0,1073545430,299151474,308836538,267269219,2037362,52183947,39734898,1607578,17201237,20454173,278384182,14209068,210035463,98936687,383194976,6227697856,2476765136,653214,3345182797,226974552,379896057,8523241605,554005242,930317,39041614,7059330,37452237,65838149,40600483,401217649,13016022,3136599,0,4508769,2328481537,8708516064,39309742,256530393,SA006_Standard-50000nm,SA006,True,50000.0
/data/big/LSARP/LSARP-metabolomics/2020_05_10RG_SA007/2020_05_09RG_HILICPos15S_Col001_LSARP_SA007_Standard-10nm.mzXML,9673085,268122,999842,325333,0,231855,564892,0,0,38472,146992456,314507,0,29576373,0,1904176,0,0,0,27855,906440,0,0,632566,118354,0,7232,192381,10822,13694,0,5585,0,341334,4867,5428324,5550136,92466,715418,84713,0,0,0,7106,0,13107,0,0,1712548,347070,0,186823,2061544,8874694,722749,19934,0,0,31183,0,0,0,238313,42513,0,0,0,1139919,142437659,0,10587,SA007_Standard-10nm,SA007,True,10.0
/data/big/LSARP/LSARP-metabolomics/2020_05_10RG_SA007/2020_05_09RG_HILICPos15S_Col001_LSARP_SA007_Standard-50nm.mzXML,55491551,314088,6363197,1177544,3262,396982,386357,0,5700,13879,159873186,1685143,0,108278178,0,12467060,0,0,0,100019,1923519,0,0,594424,73880,0,12294,32841,118825,0,3615,3217,0,2034397,197656,4190604,4001202,68996,585961,66120,0,0,0,135660,3388,38990,2569,38806,11641222,2017060,3675,1379080,1761698,7247778,8700362,200977,0,17228,17998,0,13686,22080,1432040,27148,0,0,0,6366035,155865359,3487,177851,SA007_Standard-50nm,SA007,True,50.0
/data/big/LSARP/LSARP-metabolomics/2020_05_10RG_SA007/2020_05_09RG_HILICPos15S_Col001_LSARP_SA007_Standard-100nm.mzXML,112930550,372196,14248743,2818630,0,697451,358054,0,5825,5890,185167738,3862881,0,211624056,0,26467097,0,0,0,188631,3594143,0,0,610554,43733,0,17028,9651,248733,117076,7046,8286,0,5058726,413572,3708024,3387238,59848,487049,115382,0,0,15910,323483,2893,140147,18664,114749,27628904,4455914,0,3041010,1759349,6792106,22890369,583142,0,4828,22011,9928,33470,56695,3462900,44659,0,0,0,14205831,181136803,4240,405366,SA007_Standard-100nm,SA007,True,100.0
/data/big/LSARP/LSARP-metabolomics/2020_05_10RG_SA007/2020_05_09RG_HILICPos15S_Col001_LSARP_SA007_Standard-500nm.mzXML,536424086,585585,73913851,21631289,0,3222038,381863,12437,19482,7393,353034737,29598580,10180,971502387,9742,132161028,0,0,0,1126650,20206718,0,0,1362870,72886,21293,12179,31747,1798436,782344,156190,4404,0,28801115,2812653,5395355,4610554,62126,786150,270554,0,167706,192170,2082818,50553,1038249,357630,1077206,142762082,32949372,3013,23628104,2955224,9666030,172802055,3184233,12555,242694,45960,142088,274565,422677,20546843,141328,6060,0,7366,68489089,348781068,295865,2837826,SA007_Standard-500nm,SA007,True,500.0
/data/big/LSARP/LSARP-metabolomics/2020_05_10RG_SA007/2020_05_09RG_HILICPos15S_Col001_LSARP_SA007_Standard-1000nm.mzXML,948840047,1001152,142451873,49687483,0,6150732,411477,19724,56851,7470,557276022,65817256,10306,1884730915,48948,237266529,0,0,0,2832521,42749641,0,6716,2585964,114974,67247,9681,0,4485365,1708102,451764,26404,0,57463841,7020822,8347134,7116152,66288,1256109,502070,0,474473,529048,5081439,188206,2557358,937501,2567906,295663083,71398078,0,60007679,5459053,14088913,338443469,7636189,7159,702369,160098,342495,589243,839244,36353019,338137,31575,0,11277,125508600,553228933,661588,7091672,SA007_Standard-1000nm,SA007,True,1000.0
/data/big/LSARP/LSARP-metabolomics/2020_05_10RG_SA007/2020_05_09RG_HILICPos15S_Col001_LSARP_SA007_Standard-5000nm.mzXML,3231794178,5410461,523930038,261598651,36393,34356321,610849,154314,331702,21143,1906739796,366299156,109880,8432984840,318600,870296642,0,0,18847,22189442,218655851,40754,20249,14450430,310671,475436,50762,228029,27166058,11537559,5570980,65543,0,247651362,47494640,34787817,27815545,146756,4595831,3068904,122419,2479870,2924014,37223220,1077590,24652421,6500005,29719126,1264491177,369413397,38969,403853083,28714004,46481821,1283019689,50651627,97981,4419263,681436,2387037,9130831,1206619,90925132,1509875,325033,0,244258,379967167,1902796764,4581195,44961168,SA007_Standard-5000nm,SA007,True,5000.0
/data/big/LSARP/LSARP-metabolomics/2020_05_10RG_SA007/2020_05_09RG_HILICPos15S_Col001_LSARP_SA007_Standard-10000nm.mzXML,4414068685,11843236,747627093,473662150,134807,68086406,850307,326017,586671,74209,3016008936,684685281,250759,14428683649,828367,1297287882,16835,0,99813,46756733,369639402,76755,84918,32343925,601660,994987,37143,10234,56502442,25854934,14669637,175139,0,436066830,92379231,69302121,53246021,273013,9419658,8199276,381174,4448636,5475652,78228897,2389386,52792673,14420865,72730734,2157441800,715026541,80757,815003261,57831014,83957755,2010451951,116869729,214051,10745361,1429616,6138868,25802513,1583518,124143759,3023238,737002,0,609303,611953912,3012228864,9558476,85219723,SA007_Standard-10000nm,SA007,True,10000.0
/data/big/LSARP/LSARP-metabolomics/2020_05_10RG_SA007/2020_05_09RG_HILICPos15S_Col001_LSARP_SA007_Standard-50000nm.mzXML,8591584118,49448703,1626043232,1556838334,1050826,302063082,5357902,4423848,3770731,455395,7389375062,2098904903,2101827,34813737634,5906495,3146717260,252035,0,884225,196394046,1129077998,560672,291823,173313025,4557306,7874830,156470,0,194857509,131174437,97008663,1470652,0,1271935034,331605174,314057735,268344177,2403167,37161819,48885372,1284805,21774114,24480490,290025822,13990204,224840242,46738841,414556814,6243225694,2812748878,766809,3287583472,249714072,363457942,4140246513,582601730,1306561,48572093,8577462,44904906,115870793,5342765,270965231,16779435,3564984,0,4136401,1831300196,7386232014,55966194,262557716,SA007_Standard-50000nm,SA007,True,50000.0
/data/big/LSARP/LSARP-metabolomics/2020_04_20RG_SA008/2020_04_20RG_HILICPos15S_Col001_LSARP_SA008_Standard-10nm.mzXML,5077428,188984,835921,866816,0,133817,629855,11092,10313,119442,97794292,526980,0,14894068,0,1615986,0,0,0,39880,2158555,0,11572,453345,326804,0,12237,96505,24515,12454,4054,7701,11748,545505,53299,8125943,11312271,189581,648134,240068,0,0,0,11254,0,31125,0,18320,2111172,790577,9781,488427,2775610,6144874,0,141872,0,0,0,0,2744,0,355402,171307,0,0,9377,908389,92374505,0,60893,SA008_Standard-10nm,SA008,True,10.0
/data/big/LSARP/LSARP-metabolomics/2020_04_20RG_SA008/2020_04_20RG_HILICPos15S_Col001_LSARP_SA008_Standard-50nm.mzXML,35871543,231112,5022333,2406722,0,174735,573647,0,8903,74101,106572936,3615066,0,79320985,0,11015864,0,0,0,367188,4016718,0,0,644814,252185,0,8811,35729,388657,90431,12087,29772,0,3295419,469341,7086308,8347119,103769,489063,284563,0,14695,19302,315144,5533,186142,0,182382,15056412,4103420,0,3510670,2206588,4823904,2650466,1054327,0,38521,27553,0,36091,11152,2237161,84442,0,0,0,6426957,101293973,27312,687473,SA008_Standard-50nm,SA008,True,50.0
/data/big/LSARP/LSARP-metabolomics/2020_04_20RG_SA008/2020_04_20RG_HILICPos15S_Col001_LSARP_SA008_Standard-100nm.mzXML,70794668,274841,11404399,4631929,0,282574,400663,0,10503,39813,120819205,8080003,0,155939977,0,22623762,0,0,0,728135,7285148,0,12653,611169,176298,0,10746,30163,829108,327540,40878,0,0,7113338,989953,6266583,7588022,60467,382971,296881,0,62748,27166,678745,5243,421811,29544,447027,31936418,8823703,0,7042160,1951273,4453490,8898743,2064420,0,62503,16857,39252,101396,208488,5001633,163718,3856,0,0,12695999,114783791,112087,1228703,SA008_Standard-100nm,SA008,True,100.0
/data/big/LSARP/LSARP-metabolomics/2020_04_20RG_SA008/2020_04_20RG_HILICPos15S_Col001_LSARP_SA008_Standard-500nm.mzXML,372468094,599269,64416600,32760615,7080,1341918,601814,51948,55362,0,244589647,59742137,8377,828269410,59467,115481776,0,0,0,4226771,34694521,0,47334,1803467,240774,80467,0,0,5613836,1715389,553067,12803,0,44417250,7471533,10448835,11191193,63541,775911,635203,0,460554,652261,4490870,121477,2577952,768746,2568906,170742575,62146693,8068,53480462,5035164,7163802,83992123,12732083,0,606690,92297,538040,579784,1071621,26155607,372276,28802,0,52705,72582388,237214075,932769,8533778,SA008_Standard-500nm,SA008,True,500.0
/data/big/LSARP/LSARP-metabolomics/2020_04_20RG_SA008/2020_04_20RG_HILICPos15S_Col001_LSARP_SA008_Standard-1000nm.mzXML,728019319,1128446,139057246,72158607,0,3354110,558658,81091,124880,34443,406455114,127423180,47843,1758637116,149204,220314647,0,0,0,9565771,66853032,0,69253,3743724,239085,161086,0,0,14258876,4255806,1276451,7368,0,90410556,18152649,15116491,16994007,63605,1634375,1143327,14576,1317344,1296192,10138390,301522,7144830,2063446,6582323,354956262,136299136,0,127324514,10070877,10551059,221867992,31596349,26416,1458645,220232,1272108,1241219,2811605,48854522,963739,50335,0,167456,150512327,395872721,2084525,20616094,SA008_Standard-1000nm,SA008,True,1000.0
/data/big/LSARP/LSARP-metabolomics/2020_04_20RG_SA008/2020_04_20RG_HILICPos15S_Col001_LSARP_SA008_Standard-5000nm.mzXML,2645370194,5043782,538275981,371918960,158306,19258686,1105886,387473,795305,91681,1412328115,628590068,327631,7745190626,900956,812606173,12168,0,134474,52408529,242246899,55456,510887,20847102,878590,1109521,20875,0,77521082,29619778,10790403,274379,0,415078518,100190725,61505539,66722949,198579,10241969,6560195,665533,7447444,8730837,67453023,1718733,55189022,21173491,60533295,1602963904,681178249,77908,750842985,57012954,45537195,1207204551,176457341,170613,9658232,1362202,8804686,10380544,17933972,155861944,4376390,542097,0,1019707,592669525,1386134507,14652212,108576424,SA008_Standard-5000nm,SA008,True,5000.0
/data/big/LSARP/LSARP-metabolomics/2020_04_20RG_SA008/2020_04_20RG_HILICPos15S_Col001_LSARP_SA008_Standard-10000nm.mzXML,3812486613,8873440,869426733,679309722,295346,41521955,1732635,1050330,1290950,189710,2240499626,1123862385,767020,12840105143,2029412,1305901325,27571,0,336993,90042177,400104034,315235,1066858,46255507,1672559,2504916,40272,210541,141773173,56600063,26864186,564709,0,740356443,186087796,111337490,117760538,575244,22006018,13258874,1291749,16209574,19596721,126832108,4047438,103944139,47802305,123999047,2766524994,1228774993,237259,1426077742,99640725,78682635,2072215937,344566365,387151,20819285,2604504,20348660,22044508,33375829,238139076,8589883,1068309,0,2052130,961386056,2185613231,31762816,195843266,SA008_Standard-10000nm,SA008,True,10000.0
/data/big/LSARP/LSARP-metabolomics/2020_04_20RG_SA008/2020_04_20RG_HILICPos15S_Col001_LSARP_SA008_Standard-50000nm.mzXML,8517500212,30788321,2930697258,2632427166,3061260,269423578,14875925,10421874,10372559,1389349,5688373323,3507860058,8206346,30937810782,13174830,3878511102,735989,0,2936634,370876484,1509297636,1939120,6852425,259218666,10413051,17233073,713926,1332772,583133245,250382239,213082649,6251551,0,2483310754,639725164,534667915,527369821,5684776,117311318,75877621,5347079,81838195,113116630,489270164,23139187,462362127,233899449,696307843,9711594420,5494307673,2507010,6549583097,373351303,352737791,6503260340,1415155309,3325355,96660454,16907200,124963262,108149129,161047359,770112292,50791229,5903351,0,15090190,3001259475,5402183047,176672212,640990184,SA008_Standard-50000nm,SA008,True,50000.0
/data/big/LSARP/LSARP-metabolomics/2020_04_20RG_SA009/2020_04_21RG_HILICPos15S_Col001_LSARP_SA009_Standard-10nm.mzXML,8840815,191863,1158640,843175,0,197940,479768,0,17240,98583,108085219,86237,0,22952661,0,2594494,0,0,0,71002,2325313,0,10754,298837,396497,0,0,35001,68189,9584,0,16964,0,762262,107785,8965978,11455928,222476,813109,184666,0,0,0,37785,0,14487,0,20590,3111460,1055484,19759,794782,3154488,6428273,0,110437,0,0,37059,0,22920,11611,489868,198966,2308,0,0,1345428,103100923,0,135104,SA009_Standard-10nm,SA009,True,10.0
/data/big/LSARP/LSARP-metabolomics/2020_04_20RG_SA009/2020_04_21RG_HILICPos15S_Col001_LSARP_SA009_Standard-50nm.mzXML,50146339,246473,6608152,2685483,0,408607,617425,0,7100,43049,121392021,3204423,0,98972885,9124,14246291,0,0,0,354467,5145078,0,0,538989,272316,0,0,0,502730,155316,18825,6182,0,4277979,652237,7036532,8182506,162877,536091,204045,0,52544,34373,408710,0,220235,0,186054,18936915,5116208,4385,4340156,2065062,4675477,537859,496792,0,38693,76649,10855,68616,0,2552304,90825,0,0,0,7348316,116614819,49792,864846,SA009_Standard-50nm,SA009,True,50.0
/data/big/LSARP/LSARP-metabolomics/2020_04_20RG_SA009/2020_04_21RG_HILICPos15S_Col001_LSARP_SA009_Standard-100nm.mzXML,115135060,311249,17699483,6883544,0,712799,504701,17833,40653,13985,144844337,8377545,13678,220207782,0,33869760,0,0,0,1027751,9959593,0,11435,652391,226601,0,0,0,1334297,450054,63786,4708,0,11063572,1622332,6888256,7747121,73103,266722,331379,0,63757,79265,1031949,15002,563438,0,490564,46737920,13176743,0,10763015,2183695,4822644,4460310,1153932,0,108968,9800,101572,216040,29673,6753138,123597,2610,0,5224,18773062,139544145,201963,1959519,SA009_Standard-100nm,SA009,True,100.0
/data/big/LSARP/LSARP-metabolomics/2020_04_20RG_SA009/2020_04_21RG_HILICPos15S_Col001_LSARP_SA009_Standard-500nm.mzXML,558009682,912957,96894361,45907217,0,3991087,526939,55531,79946,40400,324676348,67340576,41897,1126960352,128108,161250218,0,0,5181,5892183,48602024,0,11975,2106001,226970,119495,0,11891,9555045,2878650,822863,24606,0,64138857,10800981,12041370,12424457,131809,864064,910984,26565,659360,864887,6443155,176960,3696457,215518,3458605,247794663,91798378,18265,83748575,7082750,9424104,88866398,6106456,46779,973082,187938,843436,1109366,706377,32175881,555080,22296,0,74385,95968398,318969244,1430972,12645441,SA009_Standard-500nm,SA009,True,500.0
/data/big/LSARP/LSARP-metabolomics/2020_04_20RG_SA009/2020_04_21RG_HILICPos15S_Col001_LSARP_SA009_Standard-1000nm.mzXML,1017610790,1507212,184146958,99025801,28320,8607001,638884,129690,292466,55446,539716533,144674762,134552,2282520131,227253,304273879,7955,9584,44524,13086989,89688675,10991,10337,4892624,287732,366998,0,0,21039902,6153115,2445796,78499,0,123938077,25771201,19547772,20411248,139774,1399847,1713064,112406,1650177,1918864,15345921,375823,9129683,993846,8421840,472159878,181385951,40522,177738781,14745153,15101110,228369846,12410287,68615,2116158,470027,1808376,2241858,1190807,40687854,892870,74791,0,210706,177986614,533928544,3074153,29381253,SA009_Standard-1000nm,SA009,True,1000.0
/data/big/LSARP/LSARP-metabolomics/2020_04_20RG_SA009/2020_04_21RG_HILICPos15S_Col001_LSARP_SA009_Standard-5000nm.mzXML,3485020538,7302383,736832128,506937933,335355,51111209,1262441,1183158,1292704,259394,1921557730,676698820,720818,10067586080,1852601,1117269281,72497,0,311939,75790267,359007055,212333,14200,33651127,1422055,1935705,55532,0,109131376,42464223,33582826,595083,0,570281161,138799487,91182170,88964849,633148,9262577,12711343,971254,10176639,14818294,98617793,2780679,71777929,6246250,79407354,2100743330,929065520,193541,1044152378,82715338,71207273,576212064,90670332,418923,15712918,2198828,12047293,43910560,1152899,44655848,2462238,1300205,0,1401470,412449673,1913182023,22189918,143499352,SA009_Standard-5000nm,SA009,True,5000.0
/data/big/LSARP/LSARP-metabolomics/2020_04_20RG_SA009/2020_04_21RG_HILICPos15S_Col001_LSARP_SA009_Standard-10000nm.mzXML,4802677757,11283922,1146590166,892403216,686350,92167837,2858687,2278493,2375008,405756,2915326021,1080839202,925736,15679905284,3442739,1669317953,164134,0,733956,128413076,608288367,447383,21325,63016931,2739381,3714328,30074,0,184019968,76939056,63861397,776995,0,959260694,232651844,153256141,145993447,1229351,13240480,24297146,1683197,19332274,29251017,175498875,5614181,130598232,8020989,157716610,3301893367,1639277556,440874,1878898358,136463967,122659969,440964594,166379497,835404,30705877,4557877,24791067,113453651,24793,28405552,2729515,2998411,0,2776363,328370884,2903403529,42743879,211409614,SA009_Standard-10000nm,SA009,True,10000.0
/data/big/LSARP/LSARP-metabolomics/2020_04_20RG_SA009/2020_04_21RG_HILICPos15S_Col001_LSARP_SA009_Standard-50000nm.mzXML,9895557138,38434235,3514831089,3314923709,5322461,401458550,21560137,16937723,15965928,2675126,6916468215,2217511474,2323629,35224012741,19813348,4610928473,1505373,0,5015268,527630216,2146711028,2584149,0,303048004,15649037,25993797,760085,0,721737566,309669760,213420717,2265113,12864,3048298910,808580994,682410251,602993659,9540918,2845155,132609187,7616699,102546435,146617042,643816022,28646682,537679218,121530,755616155,10547549597,6765083381,4489238,8206641583,453536472,483358943,18131482,958692616,5593264,123676410,26349349,119550370,382683676,0,2252085,257845,11681786,0,17792453,396378315,6854620674,160577957,427561635,SA009_Standard-50000nm,SA009,True,50000.0
/data/big/LSARP/LSARP-metabolomics/2020_04_24RG_SA010/2020_04_24RG_HILICPos15S_Col001_LSARP_SA010_Standard-10nm.mzXML,6880641,228218,838790,746726,0,265260,521132,0,0,116550,152842570,668922,0,14191383,0,1993815,0,0,0,29118,2601084,0,0,315309,394551,0,0,59407,10470,10677,0,11699,0,539587,77177,7714346,10338140,146646,678626,152923,0,0,0,0,0,11260,4141,13310,2335362,647754,5880,468927,2328397,5862123,912498,125637,0,0,23570,0,3133,35535,393255,117374,2967,0,0,991290,146817327,0,90519,SA010_Standard-10nm,SA010,True,10.0
/data/big/LSARP/LSARP-metabolomics/2020_04_24RG_SA010/2020_04_24RG_HILICPos15S_Col001_LSARP_SA010_Standard-50nm.mzXML,45887024,292238,5487247,2289089,0,402708,406949,0,9806,77780,165098238,3819878,0,76774000,0,11579261,0,0,0,320131,4543020,0,15061,322759,221643,0,7837,10680,300814,108257,7984,0,0,3281417,467902,6331386,7765416,127875,503394,216034,0,25743,34835,257288,0,140368,6582,135654,16110719,3906791,6471,3250845,2154627,4871371,8954947,930873,0,18612,20628,14588,38883,113222,2115244,80639,0,0,4861,6680530,158563573,32740,531316,SA010_Standard-50nm,SA010,True,50.0
/data/big/LSARP/LSARP-metabolomics/2020_04_24RG_SA010/2020_04_24RG_HILICPos15S_Col001_LSARP_SA010_Standard-100nm.mzXML,92962168,328078,11997289,4353963,0,423108,514512,7574,36776,40744,184683028,9191009,0,157380428,0,25309421,0,0,0,514592,6971653,0,0,529543,202588,0,0,19850,750193,305291,29721,0,0,7249860,1047250,6235697,6919414,98193,390388,275811,0,72328,63183,601769,10606,352653,102238,427670,34983506,8404368,0,7271167,1697747,4529083,20443096,1986676,0,89851,54775,49935,66825,250167,4082765,126064,0,0,0,13164636,178428973,90303,1218301,SA010_Standard-100nm,SA010,True,100.0
/data/big/LSARP/LSARP-metabolomics/2020_04_24RG_SA010/2020_04_24RG_HILICPos15S_Col001_LSARP_SA010_Standard-500nm.mzXML,458570436,787456,68554662,29776833,0,1565608,458488,14000,50757,36956,340562670,61750063,9598,788410069,58854,127231776,0,0,0,2929221,29851189,0,23848,1427658,215584,24598,0,8105,4819859,1571401,431361,0,0,43510632,6359860,9436550,9835503,57064,893361,608417,11823,499971,554520,3797957,87359,2062152,961949,2411164,168760263,60417570,0,51637863,4715720,7443549,150388563,11939487,0,586174,118506,493015,727468,1195709,24814517,379070,22188,0,39140,71157967,333883237,802347,7481743,SA010_Standard-500nm,SA010,True,500.0
/data/big/LSARP/LSARP-metabolomics/2020_04_24RG_SA010/2020_04_24RG_HILICPos15S_Col001_LSARP_SA010_Standard-1000nm.mzXML,903690134,1040868,143093482,65569477,14813,3626875,540801,49433,59589,10992,528391576,131255550,36927,1609046320,86605,246314665,0,0,0,5694515,56155983,0,84720,2728067,231801,108352,0,10112,9919437,3747246,982214,31548,0,86988573,14656630,13441218,13951917,78377,1639351,972667,22511,1138438,1249604,8632860,228079,5243606,2257139,5552216,365032340,126446959,7528,122013985,9003886,11435935,330951343,28585122,11213,1429388,206359,1102404,1086749,2577258,48344580,712896,45833,0,108653,144421473,522001183,1731684,17223520,SA010_Standard-1000nm,SA010,True,1000.0
/data/big/LSARP/LSARP-metabolomics/2020_04_24RG_SA010/2020_04_24RG_HILICPos15S_Col001_LSARP_SA010_Standard-5000nm.mzXML,3174774330,4355035,592858844,358028700,90313,21957572,906464,234707,536279,79408,1845719746,646211299,273740,7828183137,598060,909238360,26807,0,64436,43536725,241505015,135867,432452,19147541,669781,865188,12468,58845,63640715,24514564,4885401,170256,0,404640867,88662692,54896162,55083648,201795,9514427,5433489,521255,6655790,8668162,62578456,1635762,39898102,18222769,51054451,1647978870,634279119,43075,702634777,50628133,47775378,1648390026,172008570,188212,8976959,1166832,6442887,7609746,12915722,151013466,3804732,489172,0,982605,591829108,1839283634,12026448,102906334,SA010_Standard-5000nm,SA010,True,5000.0
/data/big/LSARP/LSARP-metabolomics/2020_04_24RG_SA010/2020_04_24RG_HILICPos15S_Col001_LSARP_SA010_Standard-10000nm.mzXML,4913963636,8046345,992426735,672166698,264514,44149794,1484881,534602,1269632,201142,3063870597,1164207146,514128,13748381633,1362542,1461509277,64419,0,202406,80094025,436068863,435159,1108567,39828356,1320296,2028809,8840,56958,128232809,52739894,12471982,336556,0,723112122,172012785,104005960,103005809,419246,21898361,13039977,1060239,14095654,20196849,129911780,3597143,58651200,43947017,117418522,2720956228,1233884926,117015,1444497826,106116651,93567587,2844530091,348384337,460065,20952092,2722269,10520010,18335050,23671730,245981131,7734643,991857,0,2090211,973301076,3056799668,27003975,194589178,SA010_Standard-10000nm,SA010,True,10000.0
/data/big/LSARP/LSARP-metabolomics/2020_04_24RG_SA010/2020_04_24RG_HILICPos15S_Col001_LSARP_SA010_Standard-50000nm.mzXML,9935962316,25056180,2989274940,2720901015,2147794,283836110,11573017,5958219,7353148,1262664,7525720669,3807748572,5280593,35549548827,10464251,4111595506,634783,0,1786086,355386693,1537593218,2338022,5874085,196321249,8367034,14280424,385439,0,534659355,243438709,114326320,3272707,0,2462656989,628654963,455230738,425307906,3915025,103444921,72382927,5239765,74698695,100316381,520836177,19122752,317964334,178212145,543260905,9749417294,5002884467,1418698,6286547827,394108676,387067399,7784482950,1572824909,3024158,92684400,17086178,100131223,134901823,103180925,732355035,41866432,6098234,0,11930809,3041862871,7510392664,141790864,666587956,SA010_Standard-50000nm,SA010,True,50000.0
/data/big/LSARP/LSARP-metabolomics/2020_04_26RG_SA011/2020_04_26RG_HILICPos15S_Col001_LSARP_SA011_Standard-10nm.mzXML,10169196,164894,1089606,490528,0,256474,459189,0,6096,61705,190342582,408012,0,23265368,0,2779726,0,0,0,63894,2361045,0,0,323868,251229,0,9246,97240,9102,0,0,6838,0,456639,9115,7408905,9606528,137225,527498,139360,0,0,0,12791,0,0,0,4737,2170197,368520,23831,226445,2206354,6123539,1340094,14496,0,0,0,0,5783,11373,440481,14641,0,0,0,1187688,182802204,0,23879,SA011_Standard-10nm,SA011,True,10.0
/data/big/LSARP/LSARP-metabolomics/2020_04_26RG_SA011/2020_04_26RG_HILICPos15S_Col001_LSARP_SA011_Standard-50nm.mzXML,67150962,166573,7408458,1246107,0,408136,375779,0,8654,29706,213164509,2331598,0,121049627,0,17797696,0,0,0,218333,4432629,0,11798,336997,119131,0,0,37458,283878,54714,0,0,0,2690679,284085,6190810,6770173,81498,358130,159359,0,0,0,152913,0,79105,18292,49065,14288598,2130775,0,1894069,1633380,5104139,13674581,188439,0,9952,24965,0,21157,89693,2788538,13030,0,0,5653,6383978,205465841,0,325495,SA011_Standard-50nm,SA011,True,50.0
/data/big/LSARP/LSARP-metabolomics/2020_04_26RG_SA011/2020_04_26RG_HILICPos15S_Col001_LSARP_SA011_Standard-100nm.mzXML,136068309,170471,15788821,2702965,0,588281,363658,5910,9811,15488,243968990,5163985,0,244563860,0,35538455,11543,0,0,469491,7513428,0,13097,497023,118355,0,0,0,568539,156307,18671,0,0,6164383,592359,5292789,5919397,88971,243105,247597,0,10214,19582,529058,5141,195553,29779,182364,30007688,4748705,0,4172970,1485131,5299510,31681556,392159,0,43547,9427,5867,41083,88208,5939369,25419,2284,0,0,13535374,236837422,7183,594662,SA011_Standard-100nm,SA011,True,100.0
/data/big/LSARP/LSARP-metabolomics/2020_04_26RG_SA011/2020_04_26RG_HILICPos15S_Col001_LSARP_SA011_Standard-500nm.mzXML,668152194,448841,86186985,18144567,0,2000702,366576,22786,45862,0,471016916,39874437,7198,1217199363,29842,174950035,0,0,0,2532195,33523357,12324,0,1647524,171647,17730,0,29295,3507075,1046318,332406,0,0,37044412,3927078,7704542,8072977,55914,675218,546411,14957,170248,285466,2974254,31982,1442865,527591,1353124,157865789,33803753,5602,31382179,3679983,8795553,224595666,2166363,0,386484,85252,175622,369823,629904,34013404,291751,7486,0,0,71158682,463538620,297552,4057762,SA011_Standard-500nm,SA011,True,500.0
/data/big/LSARP/LSARP-metabolomics/2020_04_26RG_SA011/2020_04_26RG_HILICPos15S_Col001_LSARP_SA011_Standard-1000nm.mzXML,1292914996,991489,186964753,41510422,0,4406911,329862,32570,58485,15892,769639324,81299939,8423,2541256685,64563,330364097,0,0,7444,5390448,68843298,0,0,3620493,215245,88514,0,0,8049920,2039497,1218142,28313,0,79256184,7703665,13280219,11537320,62570,1122788,978195,14265,520475,586984,6481735,207293,3282607,1279637,3454822,320500003,72918632,6666,77109036,6840214,15069047,454930580,3829386,0,937644,107304,401991,1007267,865914,54452364,384039,45373,0,19492,133032958,762165319,545266,8128301,SA011_Standard-1000nm,SA011,True,1000.0
/data/big/LSARP/LSARP-metabolomics/2020_04_26RG_SA011/2020_04_26RG_HILICPos15S_Col001_LSARP_SA011_Standard-5000nm.mzXML,4533348699,4706074,704702836,250817197,65689,28712988,724282,251621,464981,26408,2457127059,429492410,138421,11782543084,468104,1201808709,0,0,38867,36106821,291406746,71196,0,21554053,414230,755620,6768,167871,46251529,13224827,12479639,103849,0,331051793,51784084,48214130,48506362,190378,4936260,5354248,257639,2711742,3991244,44171280,1449440,27589333,5836412,33023092,1295161318,358492179,52661,505841523,42882625,56245784,1092696687,18837973,100567,5471515,931964,2180118,30714237,0,67205594,1338476,1193121,0,308598,236731218,2450049768,3429623,44802816,SA011_Standard-5000nm,SA011,True,5000.0
/data/big/LSARP/LSARP-metabolomics/2020_04_26RG_SA011/2020_04_26RG_HILICPos15S_Col001_LSARP_SA011_Standard-10000nm.mzXML,6924491330,7408746,1140219838,478718692,147515,62297179,1308749,614033,861031,101682,4073392080,752022265,207405,20928081207,1105344,1917401688,21930,0,140987,73772421,530203096,172715,0,44752281,961597,1620140,21927,9843,83903744,29082493,28170425,202050,0,527744957,104416597,94433870,95659824,357791,8056990,13301557,669851,5628493,9537611,92939712,3244397,56303193,7399641,78143804,2050183984,688904709,115766,1048484044,82579443,109565907,958944759,41271023,289300,12422977,2018861,4383271,93556737,0,49966178,1597401,2584990,0,711034,191084627,4065473415,7881147,83628479,SA011_Standard-10000nm,SA011,True,10000.0
/data/big/LSARP/LSARP-metabolomics/2020_04_26RG_SA011/2020_04_26RG_HILICPos15S_Col001_LSARP_SA011_Standard-50000nm.mzXML,14066575142,18194327,2607269243,1599219790,1309556,309129851,8043926,6140301,5401997,581046,10362129849,1517821399,417253,53449189743,8036494,4689960314,321836,0,986364,284557140,1749305661,1177656,0,227639438,6230933,10242087,349646,13075,321118982,132155038,104983419,494000,0,1521371340,390066291,445783421,382051925,2982219,3231918,86328523,3521071,24984340,42500918,403744195,15952692,199419013,407245,354261156,4854079882,2257792683,1038672,3854609675,323341180,420218802,24467325,305546034,1795773,63063466,11907766,21986674,374065891,0,1059268,0,9342305,0,3429237,93327661,10348449330,28107784,184739315,SA011_Standard-50000nm,SA011,True,50000.0
/data/big/LSARP/LSARP-metabolomics/2020_04_27RG_SA012/2020_04_27RG_HILICPos15S_Col001_LSARP_SA012_Standard-10nm.mzXML,11721626,75576,1331410,538127,0,480281,213439,0,0,19255,186532945,308208,0,25692841,0,3331542,0,0,0,46201,585462,0,28539,145890,164231,0,0,136446,0,0,3044,0,0,437854,9497,5096937,5926748,126593,263017,141070,0,0,0,0,0,11459,0,11386,1675144,227335,13654,130730,1373419,4308101,1281637,22973,0,0,0,0,7682,0,701564,0,0,0,0,1911084,180549141,0,0,SA012_Standard-10nm,SA012,True,10.0
/data/big/LSARP/LSARP-metabolomics/2020_04_27RG_HILICPos15S_Col001_LSARP_SA012_Standard-50nm.mzXML,77708666,97036,8701720,1971560,0,657201,273790,0,9961,0,212756712,1843444,0,153480949,0,20303328,0,0,0,81425,2488325,0,48668,269846,103882,15683,0,878333,177845,13352,0,0,0,2640059,166279,4783705,4883171,84998,287885,142991,0,0,0,161606,0,62143,2852,30941,11919734,1792300,5961,1403493,982522,3843498,14797464,384695,0,11110,0,9588,7837,12352,3961439,0,2057,0,0,10034335,206239580,0,140704,SA012_Standard-50nm,SA012,True,50.0
/data/big/LSARP/LSARP-metabolomics/2020_04_27RG_SA012/2020_04_27RG_HILICPos15S_Col001_LSARP_SA012_Standard-100nm.mzXML,156460110,125274,20247393,3907104,0,800415,150110,0,13562,7795,240992929,3738873,6161,303517988,0,42016784,0,0,0,149249,5321035,0,24591,402209,51894,0,0,398279,448292,84266,21393,0,0,5728094,491530,3926107,3713890,46807,159566,173724,0,0,8702,353735,5602,163802,15126,126923,27018400,3984530,0,2970801,980707,3626656,37190433,749649,0,16553,0,0,40003,36395,9051785,43630,0,0,0,22098789,234575802,0,455115,SA012_Standard-100nm,SA012,True,100.0
/data/big/LSARP/LSARP-metabolomics/2020_04_27RG_SA012/2020_04_27RG_HILICPos15S_Col001_LSARP_SA012_Standard-500nm.mzXML,752948384,445733,109040669,26991702,0,3615627,202469,0,26788,11550,470552597,25240332,0,1531592271,0,196698380,0,0,6666,1325034,29978908,0,15432,1311240,73609,9515,0,110050,2467184,561407,286364,0,0,35594262,2554039,5995752,6058803,41701,470361,458520,0,51681,146111,1989013,47062,1124134,347147,1104413,135267327,27175330,0,19355001,2269054,7011447,271329194,3931956,0,175183,13037,118929,288570,580792,44634351,99304,6772,0,5576,109934166,464391392,75952,2425429,SA012_Standard-500nm,SA012,True,500.0
/data/big/LSARP/LSARP-metabolomics/2020_04_27RG_SA012/2020_04_27RG_HILICPos15S_Col001_LSARP_SA012_Standard-1000nm.mzXML,1394884600,854480,216974479,59919132,0,8181680,232138,31457,21831,7920,714811386,64152092,23075,2974672020,0,354555305,0,16731,6615,2321838,61017159,0,43736,2394192,104649,40254,0,0,5519596,1195349,583297,10441,0,68390872,5616709,9079066,8082555,36729,746479,759832,0,288524,448342,4878120,141761,2747660,941253,2334427,271722069,63578782,0,50600192,4113367,10298649,552154474,8010547,0,427389,27201,285629,746568,859125,68691824,263445,43126,0,13149,204727866,708509526,299742,5021736,SA012_Standard-1000nm,SA012,True,1000.0
/data/big/LSARP/LSARP-metabolomics/2020_04_27RG_SA012/2020_04_27RG_HILICPos15S_Col001_LSARP_SA012_Standard-5000nm.mzXML,5223241650,3069216,816490213,288652141,26930,46407540,532111,234497,255873,12372,2463272361,360459755,88934,13743712379,319943,1326309806,0,0,18742,17278284,259369774,40138,69885,15688192,328867,577309,0,300620,31946733,6949090,5549307,93604,0,267809401,38581627,34510551,31831201,167086,4115958,3618366,165048,1582496,2929748,32641332,1460525,23143892,7596104,25906358,1186051354,328311563,26034,381778589,26740526,45516931,2177700816,42586396,38301,2676108,521098,1797704,18350025,1915782,163090144,1107731,625248,0,243463,570078685,2457012091,2109363,30767092,SA012_Standard-5000nm,SA012,True,5000.0
/data/big/LSARP/LSARP-metabolomics/2020_04_27RG_SA012/2020_04_27RG_HILICPos15S_Col001_LSARP_SA012_Standard-10000nm.mzXML,8063390444,4677795,1264677604,440070437,79686,89538754,906045,403547,595432,34521,4387908644,685673889,283335,24005879518,689792,2143051007,15581,0,66496,38654597,465188476,0,103717,35890025,538360,1174486,28608,591175,60854638,16425000,14717162,258768,0,412133986,79897070,68669264,63048668,349300,8779447,8631661,477309,3157679,5528120,70595721,2837941,45879453,15429766,61365086,1918525357,608570432,78318,822618246,58114866,93102818,3349536555,92444208,88824,6387861,1191347,3726772,49016992,1820476,192409419,1971935,1429717,0,480953,731130670,4381804881,4084220,64562045,SA012_Standard-10000nm,SA012,True,10000.0
/data/big/LSARP/LSARP-metabolomics/2020_04_27RG_SA012/2020_04_27RG_HILICPos15S_Col001_LSARP_SA012_Standard-50000nm.mzXML,17242194425,14543436,2716303238,1108693182,979897,461528984,5538675,5762018,3760734,493618,12295422979,2007071178,1819514,65417147041,6263811,5114303193,185904,0,781712,185826851,1523573805,442797,628438,229718619,3621100,8400679,104927,37564,250559065,88257701,90544530,1616595,0,1076198804,281061535,353597427,326188303,2741495,34440843,60156228,2208620,14633579,26772205,327790551,16643510,184898216,33239778,298081010,5265386685,1964041434,1022423,3293231144,252402247,403202083,5632518665,452223904,896270,35894818,7626865,21368491,163111791,2057619,261804354,7704702,4888522,0,3206907,1070933849,12288697591,23702643,218704664,SA012_Standard-50000nm,SA012,True,50000.0
/data/big/LSARP/LSARP-metabolomics/2020_04_29RG_SA013/2020_04_29RG_HILICPos15S_Col001_LSARP_SA013_Standard-10nm.mzXML,14372867,133001,1766459,568372,0,447278,285241,0,11787,7093,210702270,325674,0,30148991,0,3593858,0,0,0,10533,893716,0,10444,240417,141009,0,0,768929,13707,13201,0,10305,0,444981,12060,5411652,5902758,96462,423045,103917,0,0,0,15109,0,8870,0,9261,1874462,280546,0,118333,1373929,4884179,984792,0,0,0,0,0,0,0,746832,13404,0,0,0,2004902,204280111,0,10420,SA013_Standard-10nm,SA013,True,10.0
/data/big/LSARP/LSARP-metabolomics/2020_04_29RG_SA013/2020_04_29RG_HILICPos15S_Col001_LSARP_SA013_Standard-50nm.mzXML,85535341,186897,9745100,1966530,0,711595,284437,0,0,0,238391571,1772433,0,162625159,0,20115542,0,0,0,176668,2894798,0,11895,190111,108346,0,0,189168,165147,36006,2572,8313,0,2832154,207020,4279038,4505962,70299,235946,198291,0,0,0,120336,0,68794,2301,36108,12037221,1882862,0,1373326,1153349,4369069,13711620,112902,0,0,0,4587,0,10335,3473164,0,0,0,0,10884717,231396603,0,200855,SA013_Standard-50nm,SA013,True,50.0
/data/big/LSARP/LSARP-metabolomics/2020_04_29RG_SA013/2020_04_29RG_HILICPos15S_Col001_LSARP_SA013_Standard-100nm.mzXML,164215400,263839,22238122,3796799,0,1033181,286042,0,0,8481,269231555,3868532,5546,330428000,0,42809578,0,0,0,236527,5453483,0,39475,300053,77612,0,0,0,494177,71105,11399,9134,0,6116256,412846,3913775,4019016,54228,224437,177878,0,0,0,333012,5264,113421,7540,117810,26780439,4100852,0,2955537,1055830,4661387,34656569,265928,0,0,0,5149,37737,50640,8024506,0,4947,0,0,23147986,262085069,0,394202,SA013_Standard-100nm,SA013,True,100.0
/data/big/LSARP/LSARP-metabolomics/2020_04_29RG_SA013/2020_04_29RG_HILICPos15S_Col001_LSARP_SA013_Standard-500nm.mzXML,808405224,490742,119952650,28143591,0,4632383,292966,13216,0,0,500970920,28925443,0,1641069717,10880,207884768,0,0,0,1239301,32259560,0,20771,1341939,74686,11737,0,0,2674933,551179,242566,0,0,36863618,2430726,5721760,5828768,56623,461315,458388,0,105503,209102,2140384,41990,1085260,304335,1013656,136671758,29351172,0,20872125,2292856,7979584,270288192,1546643,9805,171744,23068,92926,416449,233468,41841865,84849,8092,15996,0,109262839,494286849,100890,2256256,SA013_Standard-500nm,SA013,True,500.0
/data/big/LSARP/LSARP-metabolomics/2020_04_29RG_SA013/2020_04_29RG_HILICPos15S_Col001_LSARP_SA013_Standard-1000nm.mzXML,1583153093,1003938,247689664,62816315,0,10519123,332873,56074,0,0,835199752,66872478,28481,3388726703,92626,411802319,0,0,0,2895549,68037851,0,0,2523849,81698,50385,0,338902,6491729,1315330,1053151,21301,12800,75579812,5764058,8681418,8182446,58862,822379,750625,15918,327392,514734,5038011,212770,2778351,835401,2641920,285554793,68760289,28688,56026361,4515788,13515883,554856105,2445877,0,529009,98959,241449,929509,424959,64808222,200236,72971,0,27819,185822155,828519396,363292,5056487,SA013_Standard-1000nm,SA013,True,1000.0
/data/big/LSARP/LSARP-metabolomics/2020_04_29RG_SA013/2020_04_29RG_HILICPos15S_Col001_LSARP_SA013_Standard-5000nm.mzXML,5772899406,5486134,884111719,311762872,10430,50108118,623241,238652,312998,19183,2850174028,360577752,104223,15008828086,377780,1511556947,0,0,23730,17259176,304211652,17104,0,18188504,393408,491262,0,0,35052514,6940725,9568663,85246,0,288497386,35501744,35605269,31692306,149807,3530963,4353253,169775,1734460,2890780,33060142,1488574,23144819,3842972,26349385,1165443012,344206852,25195,404718896,27559594,53509540,1209909789,10601225,30241,2521440,617388,1687666,36731591,11752,65907277,832727,1259277,0,230993,241666944,2842934250,1976940,25646020,SA013_Standard-5000nm,SA013,True,5000.0
/data/big/LSARP/LSARP-metabolomics/2020_04_29RG_SA013/2020_04_29RG_HILICPos15S_Col001_LSARP_SA013_Standard-10000nm.mzXML,8819857538,8508045,1290829287,514868392,58421,99474926,905810,507681,566867,20468,4910740578,554964947,146011,26309258021,851743,2419526649,19905,0,78954,45096942,579864224,0,0,42048333,537933,1165121,10658,0,70648825,15224080,23662938,113644,0,430787427,69872809,71063281,60830175,321719,4785109,10074255,494903,3015146,5843532,80926595,2959394,48273672,4536853,62633800,1908606842,630609593,40521,815919279,55484396,109159562,816683113,21523551,117750,6584533,1265887,3650523,107860248,0,25435277,437476,3136994,0,634018,163002705,4904517885,3862664,43868856,SA013_Standard-10000nm,SA013,True,10000.0
/data/big/LSARP/LSARP-metabolomics/2020_04_29RG_SA013/2020_04_29RG_HILICPos15S_Col001_LSARP_SA013_Standard-50000nm.mzXML,17256065685,13811695,2546990863,1159689330,917373,455775466,5401510,5145234,3556067,377779,13136676950,739610571,165499,68058390667,6241802,5013143343,206313,0,745352,208534590,1747858296,400258,0,240679121,3980328,8707694,85784,2714121,195231786,75310353,55368263,295113,11866,988734495,244842767,360615164,330947005,2382470,148217,72486595,2094911,13631653,25706368,326633601,15206133,155310732,0,276853208,4291297007,1927438928,883372,3122765671,253738848,448175914,15391322,154444134,1020680,38229294,8290047,13922039,376970386,0,769376,36861,10266568,0,2521107,12461732,13130472621,3567764,78802563,SA013_Standard-50000nm,SA013,True,50000.0
/data/big/LSARP/LSARP-metabolomics/2020_05_01RG_SA014/2020_05_01RG_HILICPos15S_Col001_LSARP_SA014_Standard-10nm.mzXML,13436893,295688,1480981,394686,0,433122,268155,0,0,6353,204117499,284538,0,28379880,0,3299312,0,0,0,70868,853584,0,17775,180404,187739,0,0,167741,21468,0,0,0,0,425807,0,5242969,6070860,117026,467370,118466,0,0,0,13349,0,8075,0,5935,1828248,403734,0,150827,1625070,5066842,1199921,21490,0,0,10608,0,0,0,641415,18888,0,0,0,1808085,197723690,0,8358,SA014_Standard-10nm,SA014,True,10.0
/data/big/LSARP/LSARP-metabolomics/2020_05_01RG_SA014/2020_05_01RG_HILICPos15S_Col001_LSARP_SA014_Standard-50nm.mzXML,82251063,209504,9565193,1775649,0,788838,310531,0,8110,39511,227040742,1551478,0,162470670,0,21055809,0,0,0,112904,2907320,0,9950,215473,119242,0,0,12352,218408,29559,2542,8052,0,2291424,146584,4527781,4719195,95235,247235,127101,0,10264,0,157908,0,47513,5323,30118,12125408,1928988,0,1176659,1235725,4163472,14714085,398711,0,0,12887,0,13750,30304,3751235,43486,0,0,0,10455242,220889843,0,159331,SA014_Standard-50nm,SA014,True,50.0
/data/big/LSARP/LSARP-metabolomics/2020_05_01RG_SA014/2020_05_01RG_HILICPos15S_Col001_LSARP_SA014_Standard-100nm.mzXML,167460710,219283,20289548,3785433,0,1122542,217694,0,0,0,259329337,4132974,0,326029844,0,43077341,0,0,0,200251,5185307,0,0,328201,82874,10696,0,0,410668,43144,12439,0,0,5959744,387994,4254816,4422706,76705,216797,179603,0,0,0,310109,0,171135,15987,122270,25253457,3972868,7285,2911297,1053909,3732602,36649154,748679,0,8456,0,5030,42770,56480,8102875,0,0,0,0,22468586,253332150,0,340102,SA014_Standard-100nm,SA014,True,100.0
/data/big/LSARP/LSARP-metabolomics/2020_05_01RG_SA014/2020_05_01RG_HILICPos15S_Col001_LSARP_SA014_Standard-500nm.mzXML,839477739,499301,115270957,26105421,0,4211333,232347,0,25592,0,520372992,28508477,0,1647741272,10128,210702709,0,0,0,1071968,30938309,0,0,1362496,109350,0,0,219453,2621443,445800,285710,0,10328,36461329,2571150,6564357,6045199,38377,547961,493282,0,74655,143100,2235036,27034,1052522,415666,1106246,134130795,28602212,8135,20262889,2441768,7637949,292493157,4757946,0,189369,46884,105046,334496,478103,47417815,97521,12066,0,4855,115315526,513237127,83260,2272031,SA014_Standard-500nm,SA014,True,500.0
/data/big/LSARP/LSARP-metabolomics/2020_05_01RG_SA014/2020_05_01RG_HILICPos15S_Col001_LSARP_SA014_Standard-1000nm.mzXML,1524606791,1048720,228661922,59743693,0,9603655,241752,30764,16872,0,798669826,63960417,26268,3191809032,52161,388010980,0,0,0,2564607,63530287,0,0,2806114,72781,73939,0,256451,5551400,1097152,547275,20127,0,71790216,5560054,8843728,7827883,35491,884204,686541,15905,320013,526369,4925514,176298,2712910,973542,2502960,269084422,62251860,0,52127763,4224362,12478290,599044853,10337891,0,399267,100915,266121,711362,1129802,79960437,141051,25788,0,15801,220092195,792409136,307501,4635305,SA014_Standard-1000nm,SA014,True,1000.0
/data/big/LSARP/LSARP-metabolomics/2020_05_01RG_SA014/2020_05_01RG_HILICPos15S_Col001_LSARP_SA014_Standard-5000nm.mzXML,5409996558,3486570,833071022,273776201,37946,49257786,443230,165231,310928,8748,2822343400,374480353,174751,14304120125,358612,1454676725,27699,0,21281,16218050,270934937,0,91373,18039010,298804,497459,10025,921701,30786445,6760280,5743405,111297,0,264237363,36181149,34722501,33061558,160953,5071437,3995806,178846,1287001,2826939,32392141,1390300,24307309,9265022,27519963,1217314174,345894647,18233,392690408,28018165,50541281,2711151890,55359363,25964,2900052,582362,1805022,5164272,5264804,221216972,1268526,384398,0,199709,705276127,2816245856,1796654,30902677,SA014_Standard-5000nm,SA014,True,5000.0
/data/big/LSARP/LSARP-metabolomics/2020_05_01RG_SA014/2020_05_01RG_HILICPos15S_Col001_LSARP_SA014_Standard-10000nm.mzXML,8223266353,5938109,1276821070,448311795,127603,110727432,996493,618706,651198,30295,4504337196,747529533,396412,25251590803,906504,2254742445,0,0,103686,33860537,457906358,16764,182210,39689186,613166,1311579,0,0,56812826,16413388,14928121,272674,0,395857527,67839323,67359378,57775127,362143,11151766,9084306,491031,3341309,5647739,69912793,3292695,50045625,22155592,64746365,2059184508,641506714,99558,848806043,55229456,101928679,4646167974,111155602,148162,6696488,1102174,4236618,12938207,11047537,293514620,2701107,792103,0,559267,1034632028,4498309228,4175109,58954462,SA014_Standard-10000nm,SA014,True,10000.0
/data/big/LSARP/LSARP-metabolomics/2020_05_01RG_SA014/2020_05_01RG_HILICPos15S_Col001_LSARP_SA014_Standard-50000nm.mzXML,16760945699,15183191,2435552474,1067770375,1045020,508697136,5387765,5946613,3776752,403558,12757707071,2397750134,3795326,64977504166,6791451,5243975608,181270,0,857158,166207176,1358151877,248857,1020952,232708617,4178128,8134676,179379,392405,205326945,86247916,90769703,2868169,0,935745808,251516693,330006168,323628835,2691704,65428719,56746405,2081714,13889561,25399447,288409370,18563262,191403884,108573537,340860285,5632664866,2118454691,986425,3476941201,260727278,459688103,13137228276,513030566,837161,34233954,7618278,25563825,57479282,65736364,582937332,12737556,3367270,0,3569760,1665573456,12752136994,24682945,224889794,SA014_Standard-50000nm,SA014,True,50000.0
/data/big/LSARP/LSARP-metabolomics/2020_05_03RG_SA015/2020_05_03RG_HILICPos15S_Col001_LSARP_SA015_Standard-10nm.mzXML,16258534,324329,1879829,468712,0,539840,317874,0,21847,37727,218871504,219024,0,30958819,0,3945527,0,0,0,78669,892995,0,10406,124115,140166,0,11096,594383,11011,0,0,0,0,478693,0,5073826,6163317,111158,277672,127201,0,0,0,0,0,7855,0,10633,1799152,256734,8835,162665,1488166,5150476,1259708,20354,0,0,0,3017,2153,9720,851250,18111,0,0,0,2209192,212033377,0,9615,SA015_Standard-10nm,SA015,True,10.0
/data/big/LSARP/LSARP-metabolomics/2020_05_03RG_SA015/2020_05_03RG_HILICPos15S_Col001_LSARP_SA015_Standard-50nm.mzXML,84318256,331642,10833110,1693958,0,732075,176502,0,0,9362,236655897,1712577,0,168558604,0,22397991,0,0,0,84156,2737428,0,0,305025,122154,0,0,189437,154295,23901,2643,0,0,2886339,177192,4307400,4190838,83176,232342,189203,0,0,0,129418,4439,67220,3255,51750,12554326,2160100,0,1499046,1124053,4617770,13939991,198226,7389,9840,0,2592,9459,10885,3865824,0,0,0,0,11066258,230455652,6954,133065,SA015_Standard-50nm,SA015,True,50.0
/data/big/LSARP/LSARP-metabolomics/2020_05_03RG_SA015/2020_05_03RG_HILICPos15S_Col001_LSARP_SA015_Standard-100nm.mzXML,166981345,382428,22833485,3723070,0,1136184,215540,0,0,0,267269483,3717678,0,333120283,0,43442249,0,0,0,268687,5741949,0,0,277832,47104,0,0,21504,432355,42689,23713,0,0,5937597,338680,4049169,4149041,59888,184719,101708,0,0,18573,326104,0,181289,21627,101172,25412312,4136541,0,2910927,1095825,4082233,34650291,474002,0,7837,0,5202,63477,33339,8653516,44905,0,0,0,22986640,261075105,21730,416833,SA015_Standard-100nm,SA015,True,100.0
/data/big/LSARP/LSARP-metabolomics/2020_05_03RG_SA015/2020_05_03RG_HILICPos15S_Col001_LSARP_SA015_Standard-500nm.mzXML,859580005,561311,120846464,26304271,0,5645527,242276,10913,8338,8026,537594704,30484014,0,1703831694,0,217124351,0,0,0,1239422,32179971,15030,0,1150404,81999,18614,0,0,2681245,526352,261078,9674,0,38257917,2544876,6070338,5843464,63210,466077,380628,0,122539,178871,2389141,48613,1158690,374875,1040040,139572431,31194325,0,21520483,2470294,7905349,279631201,2489629,0,238705,77905,129234,380987,428738,46803416,96791,5383,0,0,116976539,531503077,104825,2244689,SA015_Standard-500nm,SA015,True,500.0
/data/big/LSARP/LSARP-metabolomics/2020_05_03RG_SA015/2020_05_03RG_HILICPos15S_Col001_LSARP_SA015_Standard-1000nm.mzXML,1658078429,1135268,248204537,63220555,0,11123006,369717,31749,78175,0,878477542,68557737,18696,3475713580,106899,418377818,0,0,0,2663613,69539623,0,24685,2674667,97194,101889,0,0,5569580,1225731,769497,7074,0,76824376,5895916,9010577,8246435,35216,883708,849735,0,280083,568960,4626259,253559,2748904,953927,2657224,270647986,71180265,0,55120787,4409908,13224646,588122643,5030366,0,357836,102973,278006,826721,574265,74470050,286603,41433,0,11993,212124338,871845905,267265,4745372,SA015_Standard-1000nm,SA015,True,1000.0
/data/big/LSARP/LSARP-metabolomics/2020_05_03RG_SA015/2020_05_03RG_HILICPos15S_Col001_LSARP_SA015_Standard-5000nm.mzXML,5921406800,5471149,895023894,294561483,25488,57425831,606418,216745,376061,40326,3071206723,358573664,146096,15256101339,385664,1522053057,0,0,23281,16634376,305708995,0,12966,19283799,318483,575158,20713,0,33164405,6541596,8979866,124742,0,283341672,35986498,37062161,29551788,155403,4440342,4371134,57698,1614088,2872791,34868794,1471243,24071891,5745045,28240627,1160368198,362278251,35499,410987756,27260489,57219004,1979928969,24439700,32399,3009431,678552,1585400,18753317,601315,152517942,1073865,735114,0,254576,501725068,3064770860,1946042,26242192,SA015_Standard-5000nm,SA015,True,5000.0
/data/big/LSARP/LSARP-metabolomics/2020_05_03RG_SA015/2020_05_03RG_HILICPos15S_Col001_LSARP_SA015_Standard-10000nm.mzXML,9001896842,10817848,1321123426,482042259,110050,112883493,937823,520133,623488,36565,4899674195,648828269,248732,26871182825,1026342,2455748132,15685,0,75778,40154199,539897648,0,43874,42987529,647100,1193763,0,0,59496815,14317867,18891004,215378,0,435995937,72068635,70135838,61079956,332778,8159225,10339055,434656,3036276,5895733,72310737,3210913,48937729,10448834,66563760,2009669739,665296033,76691,843918689,59178292,113763921,2714866455,53796429,166196,6172223,1144343,3971209,54041775,182725,176924084,1909651,1812098,0,528288,679444809,4892767198,4147603,51769737,SA015_Standard-10000nm,SA015,True,10000.0
/data/big/LSARP/LSARP-metabolomics/2020_05_03RG_SA015/2020_05_03RG_HILICPos15S_Col001_LSARP_SA015_Standard-50000nm.mzXML,17098698700,28132156,2514708477,1082937736,1088159,546060780,4715717,6695851,3658409,445709,13451854183,1829776979,1562159,68497098515,6807773,5517945091,245125,0,770832,202372545,1659214666,116895,162182,259410553,4566070,8061743,192234,0,222300827,88079311,96919717,1547187,0,915964985,243670959,365091326,348296937,2842131,21204229,70003660,1741412,12564277,26597284,336547285,17621517,177861903,14243583,339186043,5117264590,2248634466,1142567,3365400825,265113963,524173941,3520209987,319941184,932626,36058800,7697190,19554554,169271424,105418,241153245,6931075,5516091,0,3332254,1060236858,13445880885,23574153,152032705,SA015_Standard-50000nm,SA015,True,50000.0
/data/big/LSARP/LSARP-metabolomics/2020_05_04RG_SA016/2020_05_04RG_HILICPos15S_Col001_LSARP_SA016_Standard-10nm.mzXML,14099471,66660,1561564,374677,0,277746,496708,0,0,54229,231369958,284346,0,30406916,0,3199507,0,0,0,47881,608596,0,0,437683,154455,0,0,276718,10761,0,2778,0,0,459957,7971,7490211,7753689,156636,698441,124802,0,0,0,13561,0,5473,2284,3014,1603773,231862,0,100723,2108231,8707867,1906440,20404,0,0,26005,2713,0,0,467424,60938,0,0,0,1746795,224263858,0,0,SA016_Standard-10nm,SA016,True,10.0
/data/big/LSARP/LSARP-metabolomics/2020_05_04RG_SA016/2020_05_04RG_HILICPos15S_Col001_LSARP_SA016_Standard-50nm.mzXML,82959350,130345,9361040,1360625,0,418747,437696,0,0,13698,247849098,1788886,0,153546947,0,18903946,0,0,0,121787,2350016,0,0,429172,180757,0,7045,377315,200253,13307,8954,0,0,2431418,214534,5852486,5771591,126699,629980,107247,0,0,0,31988,4433,61281,6277,34619,13348141,1986894,0,1248062,1878755,7535124,17171623,332090,0,20278,10004,0,10884,44030,2351519,29356,0,0,0,9832558,241099697,0,178053,SA016_Standard-50nm,SA016,True,50.0
/data/big/LSARP/LSARP-metabolomics/2020_05_04RG_SA016/2020_05_04RG_HILICPos15S_Col001_LSARP_SA016_Standard-100nm.mzXML,158346590,193064,20594162,3148103,0,721749,419492,0,14713,4948,267920155,4173447,0,296325068,6868,37989110,0,0,0,140547,4624964,0,10395,477521,92523,0,8729,76139,334326,42769,34118,0,0,5894175,368491,5721226,5157272,100104,455981,126663,0,0,39604,411320,5155,169341,21290,115878,28129263,4580206,4213,3245454,1546279,7113280,39757055,894904,0,7817,9375,3594,25931,24764,5057125,0,0,0,0,21237966,261145764,5361,392673,SA016_Standard-100nm,SA016,True,100.0
/data/big/LSARP/LSARP-metabolomics/2020_05_04RG_SA016/2020_05_04RG_HILICPos15S_Col001_LSARP_SA016_Standard-500nm.mzXML,782869766,553880,107308772,22054323,0,3191285,425736,0,10168,0,535087983,28534512,0,1477966755,7208,195132507,0,0,0,1278717,27369218,0,0,1602470,69512,39432,19168,0,2177150,537534,207140,5183,0,36499872,2428084,7611661,6477495,101703,833762,337591,0,41358,206167,1987133,19819,1070218,376591,1003122,143991259,30989088,0,22090117,2873527,10931913,293948078,5154319,0,200523,34915,119883,289680,546936,32586506,95271,11678,0,5619,111786527,527720998,129326,2376722,SA016_Standard-500nm,SA016,True,500.0
/data/big/LSARP/LSARP-metabolomics/2020_05_04RG_SA016/2020_05_04RG_HILICPos15S_Col001_LSARP_SA016_Standard-1000nm.mzXML,1491329939,786463,217772952,49282996,0,7619980,407074,40366,48041,9703,847596210,64549369,14048,2946338336,20824,380932060,0,0,0,2624257,57850757,0,10838,2979303,85357,45884,0,0,5150998,1295392,549592,13685,0,70365164,5275549,10173855,8585499,61958,1242117,604079,0,272287,472461,4717155,170201,2544753,1057037,2393753,272666621,69281157,6738,56309163,5257293,14203673,612608642,9703697,0,637195,100996,268474,499388,1140801,62750854,248336,20842,0,7362,213455349,840645363,265646,4570032,SA016_Standard-1000nm,SA016,True,1000.0
/data/big/LSARP/LSARP-metabolomics/2020_05_04RG_SA016/2020_05_04RG_HILICPos15S_Col001_LSARP_SA016_Standard-5000nm.mzXML,5448714206,3613835,840755238,238135181,21682,39994515,552137,170220,211364,24414,2901825069,380211862,129731,13419967965,332854,1420441953,0,0,7574,16275178,278455976,0,62252,18886516,262086,443437,0,0,32383537,8130991,4880939,113173,0,272962800,36851934,38921042,30872907,178042,5416078,2930111,206175,1780821,2561321,34866784,1321329,23106106,8603042,25073796,1298263457,343791332,26269,400483508,28802214,54774142,2775012423,54518554,32822,3004727,528510,1700420,4353173,5451566,219884531,1482557,307310,0,188005,726471963,2894862772,1891089,30642011,SA016_Standard-5000nm,SA016,True,5000.0
/data/big/LSARP/LSARP-metabolomics/2020_05_04RG_SA016/2020_05_04RG_HILICPos15S_Col001_LSARP_SA016_Standard-10000nm.mzXML,8374910644,7160824,1255000684,411126407,108989,75601176,877553,321605,457633,27076,4797523680,709657601,236528,24087053658,726488,2275242691,12794,0,87924,38375627,503224525,0,113259,40946825,616356,992916,25827,30232,55923966,16663814,13353866,160382,0,422052546,70898896,74482896,59012579,286243,10811746,7305532,445465,2861970,4900476,74577192,3016981,48922800,20621663,57248715,2263693100,624464430,49843,827783906,53613443,107644101,4837287956,109835535,141106,6939521,1182900,3669690,10785824,10077712,301597326,2679251,725732,0,482821,1109960180,4791082882,3849187,59560848,SA016_Standard-10000nm,SA016,True,10000.0
/data/big/LSARP/LSARP-metabolomics/2020_05_04RG_SA016/2020_05_04RG_HILICPos15S_Col001_LSARP_SA016_Standard-50000nm.mzXML,16357298792,25623128,2423426729,1066784791,795096,367500677,4478907,3510858,3070714,317461,12112203825,2467434496,2571031,63724863693,5140003,5206382301,167240,0,579979,164212468,1388729576,356982,655665,266784321,3298775,6141249,19205,0,218601321,83534593,82778190,1592844,0,937770706,258315794,358637789,307972051,2063386,67036197,45619440,1358704,12746178,20974837,291714195,16510055,178535652,100066610,317934190,5881234351,2212448537,695283,3406072213,250254491,495962958,13725641179,498936384,571949,39255428,7029892,24245854,54729566,56985543,581923208,12656453,3489420,0,3121445,2189742856,12106852478,22954687,231004800,SA016_Standard-50000nm,SA016,True,50000.0
